subject_id,all_instance_tp_et,all_instance_fp_et,all_instance_fn_et,all_instance_f1_et,large_instance_tp_et,large_instance_fp_et,large_instance_fn_et,large_instance_f1_et,lesionwise_dsc_mean_et,lesionwise_dsc_std_et,lesionwise_hd95_mean_et,lesionwise_hd95_std_et,lesionwise_nsd_mean_et,lesionwise_nsd_std_et,small_instance_tp_et,small_instance_fn_et,small_instance_fp_et,small_instance_f1_et,all_instance_tp_rc,all_instance_fp_rc,all_instance_fn_rc,all_instance_f1_rc,large_instance_tp_rc,large_instance_fp_rc,large_instance_fn_rc,large_instance_f1_rc,lesionwise_dsc_mean_rc,lesionwise_dsc_std_rc,lesionwise_hd95_mean_rc,lesionwise_hd95_std_rc,lesionwise_nsd_mean_rc,lesionwise_nsd_std_rc,small_instance_tp_rc,small_instance_fn_rc,small_instance_fp_rc,small_instance_f1_rc,all_instance_tp_tc,all_instance_fp_tc,all_instance_fn_tc,all_instance_f1_tc,large_instance_tp_tc,large_instance_fp_tc,large_instance_fn_tc,large_instance_f1_tc,lesionwise_dsc_mean_tc,lesionwise_dsc_std_tc,lesionwise_hd95_mean_tc,lesionwise_hd95_std_tc,lesionwise_nsd_mean_tc,lesionwise_nsd_std_tc,small_instance_tp_tc,small_instance_fn_tc,small_instance_fp_tc,small_instance_f1_tc,all_instance_tp_wt,all_instance_fp_wt,all_instance_fn_wt,all_instance_f1_wt,large_instance_tp_wt,large_instance_fp_wt,large_instance_fn_wt,large_instance_f1_wt,lesionwise_dsc_mean_wt,lesionwise_dsc_std_wt,lesionwise_hd95_mean_wt,lesionwise_hd95_std_wt,lesionwise_nsd_mean_wt,lesionwise_nsd_std_wt,small_instance_tp_wt,small_instance_fn_wt,small_instance_fp_wt,small_instance_f1_wt
BraTS-MET-00558-000.nii.gz,1.0,0.0,0.0,1.0,1.0,0.0,0.0,1.0,0.7874015748031497,0.0,0.8593999743461609,0.0,0.9490740740740741,0.0,,,,,0.0,0.0,0.0,,0.0,0.0,0.0,0.0,,,,,,,,,,,1.0,0.0,0.0,1.0,1.0,0.0,0.0,1.0,0.7874015748031497,0.0,0.8593999743461609,0.0,0.9490740740740741,0.0,,,,,1.0,0.0,0.0,1.0,1.0,0.0,0.0,1.0,0.7874015748031497,0.0,0.8593999743461609,0.0,0.9490740740740741,0.0,,,,
BraTS-MET-00566-000.nii.gz,11.0,0.0,0.0,1.0,9.0,0.0,0.0,1.0,0.8828016203906128,0.07167300348073156,0.8593999743461609,0.0,0.982634024958723,0.014366345054726433,2.0,0.0,0.0,1.0,0.0,0.0,0.0,,0.0,0.0,0.0,0.0,,,,,,,,,,,11.0,0.0,0.0,1.0,9.0,0.0,0.0,1.0,0.887688682718442,0.07339178643430673,0.8593999743461609,0.0,0.9827710948772024,0.014349583017502018,2.0,0.0,0.0,1.0,11.0,0.0,0.0,1.0,10.0,0.0,0.0,1.0,0.8277726789376316,0.09871711237613234,1.0449974868338878,0.3051541629879804,0.9487606494680587,0.03196117224735306,1.0,0.0,0.0,1.0
BraTS-MET-00576-000.nii.gz,6.0,1.0,1.0,0.8571428571428571,3.0,1.0,0.0,0.8571428571428571,0.6004883953915512,0.35344326607769605,94.35444310867092,160.87896074316214,0.6950048483073029,0.40487076644035414,2.0,2.0,1.0,0.5714285714285714,0.0,0.0,0.0,,0.0,0.0,0.0,0.0,,,,,,,,,,,6.0,1.0,1.0,0.8571428571428571,3.0,1.0,0.0,0.8571428571428571,0.6004883953915512,0.35344326607769605,94.35444310867092,160.87896074316214,0.6950048483073029,0.40487076644035414,2.0,2.0,1.0,0.5714285714285714,6.0,0.0,1.0,0.9230769230769231,3.0,0.0,0.0,1.0,0.5680259759255949,0.20246324667001428,2.3682542818889734,0.9885894781528598,0.7604367466881122,0.13182600254286153,2.0,2.0,0.0,0.6666666666666666
BraTS-MET-00577-000.nii.gz,6.0,2.0,1.0,0.8,6.0,2.0,1.0,0.8,0.55983752182618,0.39955557491888877,125.23963666259903,175.19316467528952,0.6425469329091302,0.45479864288397953,,,,,0.0,0.0,0.0,,0.0,0.0,0.0,0.0,,,,,,,,,,,6.0,2.0,1.0,0.8,6.0,2.0,1.0,0.8,0.55983752182618,0.39955557491888877,125.23963666259903,175.19316467528952,0.6425469329091302,0.45479864288397953,,,,,6.0,2.0,1.0,0.8,6.0,2.0,1.0,0.8,0.4769307258319362,0.3597226091344446,125.96983855957495,174.68155778303623,0.5680063571223842,0.4129801782302406,,,,
BraTS-MET-00577-002.nii.gz,4.0,0.0,0.0,1.0,4.0,0.0,0.0,1.0,0.8353536951255562,0.029020259075644227,0.7142857313156128,0.0,0.9825431213760323,0.00514841513182927,,,,,0.0,0.0,0.0,,0.0,0.0,0.0,0.0,,,,,,,,,,,4.0,0.0,0.0,1.0,4.0,0.0,0.0,1.0,0.8353536951255562,0.029020259075644227,0.7142857313156128,0.0,0.9825431213760323,0.00514841513182927,,,,,4.0,1.0,0.0,0.8888888888888888,4.0,1.0,0.0,0.8888888888888888,0.6596513747047791,0.3326849836223267,75.60000002384186,148.70025732012238,0.7032623035001381,0.3554028178106047,,,,
BraTS-MET-00587-000.nii.gz,8.0,0.0,0.0,1.0,5.0,0.0,0.0,1.0,0.8982426479592613,0.03964056070679548,0.8593999743461609,0.0,0.9964408358787764,0.0038803178666799902,3.0,0.0,0.0,1.0,0.0,0.0,0.0,,0.0,0.0,0.0,0.0,,,,,,,,,,,8.0,0.0,0.0,1.0,5.0,0.0,0.0,1.0,0.9033733470440751,0.04288969876084808,0.8593999743461609,0.0,0.9974191542288559,0.004034627259529486,3.0,0.0,0.0,1.0,8.0,0.0,0.0,1.0,6.0,0.0,0.0,1.0,0.7898906185598755,0.250925818241443,1.5070245982740336,0.9449250550414039,0.9302186391992797,0.08220651362114446,1.0,1.0,0.0,0.6666666666666666
BraTS-MET-00601-000.nii.gz,6.0,0.0,1.0,0.9230769230769231,6.0,0.0,0.0,1.0,0.8250148354420105,0.057959512763062965,1.0218999743461599,0.28315001497645254,0.9515899957926082,0.022099618856842775,0.0,1.0,0.0,0.0,0.0,0.0,0.0,,0.0,0.0,0.0,0.0,,,,,,,,,,,6.0,0.0,1.0,0.9230769230769231,6.0,0.0,0.0,1.0,0.8250148354420105,0.057959512763062965,1.0218999743461599,0.28315001497645254,0.9515899957926082,0.022099618856842775,0.0,1.0,0.0,0.0,5.0,0.0,1.0,0.9090909090909091,5.0,0.0,0.0,1.0,0.8380557076071653,0.06646935772658212,1.0338200255797607,0.15935672703425408,0.9556823170619666,0.006891717254102321,0.0,1.0,0.0,0.0
BraTS-MET-00601-001.nii.gz,6.0,0.0,0.0,1.0,6.0,0.0,0.0,1.0,0.8393152040608061,0.14882301840484077,1.2865525011822527,0.8016510068407401,0.961552698393432,0.0641830267776284,,,,,0.0,0.0,0.0,,0.0,0.0,0.0,0.0,,,,,,,,,,,6.0,0.0,0.0,1.0,6.0,0.0,0.0,1.0,0.8393152040608061,0.14882301840484077,1.2865525011822527,0.8016510068407401,0.961552698393432,0.0641830267776284,,,,,5.0,0.0,0.0,1.0,5.0,0.0,0.0,1.0,0.7057135423756614,0.1532861523139558,1.963451629267905,0.588875310639452,0.8675607225299032,0.04713179755372825,,,,
BraTS-MET-00601-002.nii.gz,6.0,1.0,7.0,0.6,3.0,1.0,1.0,0.75,0.5354311037697643,0.43790171735841876,149.77249999999998,182.26472461093505,0.578250753346762,0.47249574955900664,3.0,6.0,1.0,0.46153846153846156,0.0,0.0,0.0,,0.0,0.0,0.0,0.0,,,,,,,,,,,6.0,1.0,7.0,0.6,3.0,1.0,1.0,0.75,0.5354311037697643,0.43790171735841876,149.77249999999998,182.26472461093505,0.578250753346762,0.47249574955900664,3.0,6.0,1.0,0.46153846153846156,6.0,1.0,7.0,0.6,4.0,1.0,1.0,0.8,0.595376552659559,0.42471445574957084,124.925,175.41574277270556,0.644930755134275,0.4564839189436286,2.0,6.0,1.0,0.36363636363636365
BraTS-MET-00606-000.nii.gz,1.0,0.0,0.0,1.0,1.0,0.0,0.0,1.0,0.8981132075471698,0.0,1.1719000339508057,0.0,0.9891304347826086,0.0,,,,,0.0,0.0,0.0,,0.0,0.0,0.0,0.0,,,,,,,,,,,1.0,0.0,0.0,1.0,1.0,0.0,0.0,1.0,0.8981132075471698,0.0,1.1719000339508057,0.0,0.9891304347826086,0.0,,,,,1.0,0.0,0.0,1.0,1.0,0.0,0.0,1.0,0.8395560040363269,0.0,1.6573169217587198,0.0,0.8761217748971707,0.0,,,,
BraTS-MET-00612-000.nii.gz,3.0,0.0,0.0,1.0,3.0,0.0,0.0,1.0,0.9442692054424885,0.03822132218709388,0.8593999743461609,0.0,0.9925641680118078,0.008859052420676883,,,,,0.0,0.0,0.0,,0.0,0.0,0.0,0.0,,,,,,,,,,,3.0,0.0,0.0,1.0,3.0,0.0,0.0,1.0,0.9488514649047887,0.04151079026397934,0.8593999743461609,0.0,0.998598501261903,0.0010246781396116697,,,,,3.0,0.0,0.0,1.0,3.0,0.0,0.0,1.0,0.8341538399181592,0.14712136905301765,1.3831833823797277,0.23731674991817986,0.9110572302257314,0.04026682269714174,,,,
BraTS-MET-00617-000.nii.gz,5.0,1.0,2.0,0.7692307692307693,4.0,1.0,0.0,0.8888888888888888,0.6018802803668354,0.37494334020279774,75.47720018726588,148.7623683997112,0.7494423076923077,0.3826040505110415,1.0,2.0,1.0,0.4,0.0,0.0,0.0,,0.0,0.0,0.0,0.0,,,,,,,,,,,5.0,1.0,2.0,0.7692307692307693,4.0,1.0,0.0,0.8888888888888888,0.6018802803668354,0.37494334020279774,75.47720018726588,148.7623683997112,0.7494423076923077,0.3826040505110415,1.0,2.0,1.0,0.4,5.0,1.0,2.0,0.7692307692307693,4.0,1.0,1.0,0.8,0.48768617119036906,0.41757833796029337,125.06433348938822,175.31767591676285,0.6087246994651797,0.4392633580848279,1.0,1.0,1.0,0.5
BraTS-MET-00621-000.nii.gz,7.0,1.0,2.0,0.8235294117647058,5.0,1.0,1.0,0.8333333333333334,0.5266298559057793,0.35540509233858214,54.71383749846226,129.94410264097948,0.7405311765178594,0.34460625544300255,1.0,2.0,1.0,0.4,0.0,0.0,0.0,,0.0,0.0,0.0,0.0,,,,,,,,,,,7.0,1.0,2.0,0.8235294117647058,5.0,1.0,1.0,0.8333333333333334,0.5266298559057793,0.35540509233858214,54.71383749846226,129.94410264097948,0.7405311765178594,0.34460625544300255,1.0,2.0,1.0,0.4,7.0,1.0,2.0,0.8235294117647058,5.0,1.0,1.0,0.8333333333333334,0.562941829154879,0.3406953997141786,54.648883175671855,129.96952569653192,0.754017631612754,0.33856020105627516,1.0,2.0,1.0,0.4
BraTS-MET-00629-000.nii.gz,25.0,0.0,3.0,0.9433962264150944,24.0,0.0,0.0,1.0,0.8289036024821707,0.1354742066978395,1.3309429107759088,0.5792483525498849,0.9571115415858351,0.06771219386164118,1.0,3.0,0.0,0.4,0.0,0.0,0.0,,0.0,0.0,0.0,0.0,,,,,,,,,,,25.0,0.0,3.0,0.9433962264150944,24.0,0.0,0.0,1.0,0.8434354606305288,0.1369473335075833,1.3309429107759088,0.5792483525498849,0.9566617353349312,0.06768746293664049,1.0,3.0,0.0,0.4,19.0,0.0,3.0,0.926829268292683,18.0,0.0,1.0,0.972972972972973,0.7217233953878595,0.20787734666475885,22.87966255831547,82.69116728210203,0.8014613390486893,0.22416411271407646,1.0,2.0,0.0,0.5
BraTS-MET-00629-001.nii.gz,26.0,1.0,3.0,0.9285714285714286,22.0,1.0,1.0,0.9565217391304348,0.7393256858889542,0.21543203149070897,16.612083221488316,74.31367052041603,0.9050136621959961,0.2036689024562124,2.0,4.0,1.0,0.4444444444444444,0.0,0.0,0.0,,0.0,0.0,0.0,0.0,,,,,,,,,,,26.0,0.0,3.0,0.9454545454545454,22.0,0.0,1.0,0.9777777777777777,0.816984290977148,0.15312277073009398,1.147878745042961,0.5348948735250296,0.9408233730912758,0.08769042164353781,2.0,4.0,0.0,0.5,24.0,0.0,5.0,0.9056603773584906,20.0,0.0,3.0,0.9302325581395349,0.6581014930542596,0.27769427204010944,35.26623723251952,104.32291446868746,0.7529720922654228,0.3163273510542992,2.0,4.0,0.0,0.5
BraTS-MET-00636-000.nii.gz,6.0,3.0,2.0,0.7058823529411765,5.0,3.0,1.0,0.7142857142857143,0.46819776711045996,0.41991909229985064,166.68571095170222,184.53345812540002,0.5236905767881941,0.4690217327722791,1.0,1.0,3.0,0.3333333333333333,0.0,0.0,0.0,,0.0,0.0,0.0,0.0,,,,,,,,,,,6.0,3.0,2.0,0.7058823529411765,5.0,3.0,1.0,0.7142857142857143,0.4695440257837747,0.4212277754461863,166.68571095170222,184.53345812540002,0.5233155771346794,0.4686924380783142,1.0,1.0,3.0,0.3333333333333333,6.0,2.0,2.0,0.75,6.0,2.0,1.0,0.8,0.545030147267799,0.38681483060675476,125.65852328977356,174.89949985411846,0.6142537042865697,0.43543784576227323,0.0,1.0,2.0,0.0
BraTS-MET-00636-001.nii.gz,6.0,1.0,11.0,0.5,6.0,1.0,7.0,0.6,0.3447264450081476,0.39984764540566464,213.54167198115695,184.1267002857858,0.40654872771134054,0.46961028027531376,0.0,4.0,1.0,0.0,0.0,0.0,0.0,,0.0,0.0,0.0,0.0,,,,,,,,,,,6.0,1.0,11.0,0.5,6.0,1.0,7.0,0.6,0.34636297130625404,0.4018937797095398,213.54311029607078,184.12504284350706,0.40543933580633684,0.4684132099040303,0.0,4.0,1.0,0.0,6.0,2.0,11.0,0.48,6.0,2.0,7.0,0.5714285714285714,0.2498136348206765,0.3088999332230292,224.9662098993781,181.3127142171718,0.30170500810127654,0.39044091209765996,0.0,4.0,2.0,0.0
BraTS-MET-00663-001.nii.gz,23.0,3.0,17.0,0.696969696969697,20.0,3.0,1.0,0.9090909090909091,0.6524863240522413,0.3239364428832172,63.381775235285545,138.4733689753579,0.7692025228503713,0.35226641676764614,2.0,17.0,3.0,0.16666666666666666,0.0,1.0,0.0,0.0,0.0,1.0,0.0,0.0,,,,,,,,,,,23.0,3.0,17.0,0.696969696969697,20.0,3.0,1.0,0.9090909090909091,0.6534561882288118,0.3244032761536617,63.36499489462435,138.48090619773276,0.770880351342174,0.3529281613912435,2.0,17.0,3.0,0.16666666666666666,17.0,5.0,18.0,0.5964912280701754,14.0,5.0,4.0,0.7567567567567568,0.44912118122497835,0.3615545537609993,131.72126157709252,176.2172308030459,0.5261652816876046,0.3984675450639117,2.0,15.0,5.0,0.16666666666666666
BraTS-MET-00663-002.nii.gz,20.0,6.0,6.0,0.7692307692307693,15.0,6.0,0.0,0.8333333333333334,0.5788800146559032,0.3699174648736172,107.31993225296026,168.0309902486265,0.6861761982248158,0.43455108227720385,5.0,6.0,6.0,0.45454545454545453,0.0,0.0,0.0,,0.0,0.0,0.0,0.0,,,,,,,,,,,20.0,3.0,6.0,0.8163265306122449,15.0,3.0,0.0,0.9090909090909091,0.6799322297915211,0.30944460839644994,63.03398804303902,138.62124892477505,0.801783232995158,0.35937431990096735,5.0,6.0,3.0,0.5263157894736842,14.0,8.0,6.0,0.6666666666666666,12.0,8.0,1.0,0.7272727272727273,0.38130025897094655,0.34731849582730845,161.6783801547387,183.01855856049582,0.44122972320843534,0.3949316160206233,2.0,5.0,8.0,0.23529411764705882
BraTS-MET-00663-003.nii.gz,16.0,0.0,8.0,0.8,13.0,0.0,2.0,0.9285714285714286,0.6463172901951015,0.2795676114059227,26.672125258052134,92.57466824306337,0.8243502057752791,0.2603111438915177,2.0,7.0,0.0,0.36363636363636365,0.0,0.0,0.0,,0.0,0.0,0.0,0.0,,,,,,,,,,,16.0,0.0,8.0,0.8,13.0,0.0,2.0,0.9285714285714286,0.6498435775870671,0.2887239285981391,26.73442295032036,92.55900279206644,0.819250535467449,0.2631839431283276,2.0,7.0,0.0,0.36363636363636365,9.0,2.0,4.0,0.75,7.0,2.0,1.0,0.8235294117647058,0.47261977099694674,0.3207329054790158,78.27483258606271,147.4043965640382,0.5174775731205689,0.2906158194423377,1.0,4.0,2.0,0.25
BraTS-MET-00663-004.nii.gz,17.0,1.0,8.0,0.7906976744186046,13.0,1.0,1.0,0.9285714285714286,0.6317391596940616,0.2893219924033093,51.46499829274997,126.1342068598302,0.7744636569553283,0.3209613318211363,4.0,7.0,1.0,0.5,0.0,0.0,0.0,,0.0,0.0,0.0,0.0,,,,,,,,,,,17.0,1.0,8.0,0.7906976744186046,13.0,1.0,1.0,0.9285714285714286,0.6383805080650485,0.3014722971688168,51.44593792135692,126.14241253952973,0.7714971967635705,0.3237463532074685,4.0,7.0,1.0,0.5,12.0,1.0,6.0,0.7741935483870968,10.0,1.0,3.0,0.8333333333333334,0.43202434538716084,0.34072899374715426,112.37314453951626,165.07907498235005,0.5170446051444345,0.3618044441393849,2.0,3.0,1.0,0.5
BraTS-MET-00679-000.nii.gz,10.0,0.0,0.0,1.0,9.0,0.0,0.0,1.0,0.8268021501030206,0.06997860644744384,0.8714227841173803,0.24467122249815462,0.9565043912003866,0.037643455507953574,1.0,0.0,0.0,1.0,0.0,0.0,0.0,,0.0,0.0,0.0,0.0,,,,,,,,,,,10.0,0.0,0.0,1.0,9.0,0.0,0.0,1.0,0.8419848933077878,0.06241724855084366,0.9049834654397552,0.2750339738150184,0.9573492191102443,0.03672834868054421,1.0,0.0,0.0,1.0,10.0,0.0,0.0,1.0,9.0,0.0,0.0,1.0,0.8158129334332391,0.04526416789602615,1.2071522376250357,0.46942073722885996,0.9039625704848141,0.06486548334149629,1.0,0.0,0.0,1.0
BraTS-MET-00682-001.nii.gz,15.0,1.0,3.0,0.8823529411764706,12.0,1.0,2.0,0.8888888888888888,0.7261146103211223,0.33878907343987485,26.37569148752795,92.66153792345555,0.8619612496870933,0.2744931883824426,1.0,3.0,1.0,0.3333333333333333,0.0,0.0,0.0,,0.0,0.0,0.0,0.0,,,,,,,,,,,15.0,1.0,3.0,0.8823529411764706,12.0,1.0,2.0,0.8888888888888888,0.7322903702146971,0.3419419797327985,26.37569148752795,92.66153792345555,0.8619882734436372,0.2744450116760287,1.0,3.0,1.0,0.3333333333333333,8.0,1.0,7.0,0.6666666666666666,5.0,1.0,6.0,0.5882352941176471,0.31241997412240297,0.3573482065444011,161.51490405719548,178.86301003287355,0.382739937941513,0.3639520573842108,1.0,3.0,1.0,0.3333333333333333
BraTS-MET-00698-000.nii.gz,2.0,0.0,0.0,1.0,2.0,0.0,0.0,1.0,0.9276801043501528,0.006539164752837279,0.75,0.0,0.9706744302680987,0.0008437790704939885,,,,,0.0,0.0,0.0,,0.0,0.0,0.0,0.0,,,,,,,,,,,2.0,0.0,0.0,1.0,2.0,0.0,0.0,1.0,0.9565083580900524,0.0014477875546870522,0.75,0.0,0.9847902213893325,0.010721448269554512,,,,,2.0,0.0,0.0,1.0,2.0,0.0,0.0,1.0,0.8906374512501203,0.013322944789483648,1.6800383136138188,0.9300383136138188,0.8910708912017506,0.07328892121831482,,,,
BraTS-MET-00733-000.nii.gz,5.0,0.0,0.0,1.0,5.0,0.0,0.0,1.0,0.7750265164669656,0.1131682371735765,1.234947374309509,0.4549247611904743,0.9382911926933366,0.03889219282306192,,,,,0.0,0.0,0.0,,0.0,0.0,0.0,0.0,,,,,,,,,,,5.0,0.0,0.0,1.0,5.0,0.0,0.0,1.0,0.7750265164669656,0.1131682371735765,1.234947374309509,0.4549247611904743,0.9382911926933366,0.03889219282306192,,,,,5.0,0.0,0.0,1.0,5.0,0.0,0.0,1.0,0.6899880836128285,0.2113240941684049,1.9047559673620498,1.4765035121934746,0.8437800201940382,0.1534786757534266,,,,
BraTS-MET-00757-000.nii.gz,4.0,0.0,0.0,1.0,4.0,0.0,0.0,1.0,0.8695783880846244,0.049401859217568615,1.080081271901281,0.22879192539730184,0.9632473029687703,0.024739105085615713,,,,,0.0,0.0,0.0,,0.0,0.0,0.0,0.0,,,,,,,,,,,4.0,0.0,0.0,1.0,4.0,0.0,0.0,1.0,0.8727295113866096,0.051030434407482096,0.9910874906819633,0.22808946901616634,0.9719562107100217,0.02198464564639789,,,,,4.0,1.0,0.0,0.8888888888888888,4.0,1.0,0.0,0.8888888888888888,0.6201045736414386,0.3453807021513834,76.34176310341233,148.33148130876336,0.6228877397570973,0.3462089052005446,,,,
BraTS-MET-00764-000.nii.gz,4.0,0.0,1.0,0.8888888888888888,2.0,0.0,1.0,0.8,0.6258431958637961,0.44259372021357135,124.9062666495641,175.42876122198035,0.6587012269696612,0.46587425937694654,2.0,0.0,0.0,1.0,0.0,0.0,0.0,,0.0,0.0,0.0,0.0,,,,,,,,,,,4.0,0.0,1.0,0.8888888888888888,2.0,0.0,1.0,0.8,0.6313222705630205,0.44641236931664147,124.9062666495641,175.42876122198035,0.6628950772190101,0.46876036418519984,2.0,0.0,0.0,1.0,4.0,0.0,1.0,0.8888888888888888,2.0,0.0,1.0,0.8,0.6387294297742059,0.4516559913330502,124.9062666495641,175.42876122198035,0.6663956639566396,0.47121300983080733,2.0,0.0,0.0,1.0
mean,9.222222222222221,0.8148148148148148,2.814814814814815,0.8769988866602736,7.703703703703703,0.8148148148148148,0.7037037037037037,0.9143936489347119,0.7176444593447365,0.2133508820822057,48.49694463950996,75.40418965768319,0.8298978614042938,0.20735190019686053,1.8333333333333333,3.611111111111111,1.1111111111111112,0.49049592382925705,0.0,0.037037037037037035,0.0,0.0,0.0,0.037037037037037035,0.0,0.0,,,,,,,,,,,9.222222222222221,0.6666666666666666,2.814814814814815,0.8793684747441474,7.703703703703703,0.6666666666666666,0.7037037037037037,0.9179867457645235,0.7280437163446443,0.20994436603872468,46.28295625094938,71.58343274409029,0.8364954305948606,0.2004986568700609,1.8333333333333333,3.611111111111111,0.8888888888888888,0.4975695844116897,7.703703703703703,1.037037037037037,2.8518518518518516,0.8521519420471019,6.555555555555555,1.037037037037037,1.1851851851851851,0.8820323235887912,0.6240956766166648,0.2507517141034755,65.86661613759169,93.62050921598504,0.7133703722732548,0.24548782218760276,1.2222222222222223,3.0,1.3333333333333333,0.4490146563675975
std,7.344979097908853,1.3597804414694488,4.169827860651371,0.1389684840124706,6.371902353390203,1.3597804414694488,1.4091681893070769,0.10871249225229337,0.15830922110983164,0.1622207520566885,62.34913065667472,78.45238429833464,0.16659248662677167,0.19309636121976642,1.294785923709126,4.117950502357851,1.5296631266542815,0.3185786152725179,0.0,0.19245008972987526,0.0,,0.0,0.19245008972987526,0.0,0.0,,,,,,,,,,,7.344979097908853,1.0,4.169827860651371,0.1381276224916619,6.371902353390203,1.0,1.4091681893070769,0.10788706560460362,0.15960674306562017,0.1617643345685957,61.681343037306654,78.60499174041031,0.16597204886720715,0.1917806948117766,1.294785923709126,4.117950502357851,1.078609610939221,0.3183070322228658,5.496955904546099,1.78630433881889,4.212652222346244,0.15078062116806315,4.782446536219184,1.78630433881889,1.8612865078723009,0.12830488913801896,0.17582863068252028,0.14006261634434608,66.97775718829112,81.77423833488072,0.1887250219012123,0.16924007123342985,0.7320844981409595,3.4810410883561156,2.086370335408023,0.3261917151131103
median,6.0,0.0,1.0,0.9230769230769231,5.0,0.0,0.0,0.9565217391304348,0.7393256858889542,0.21543203149070897,16.612083221488316,74.31367052041603,0.9050136621959961,0.2036689024562124,2.0,2.5,1.0,0.4222222222222222,0.0,0.0,0.0,0.0,0.0,0.0,0.0,0.0,,,,,,,,,,,6.0,0.0,1.0,0.9230769230769231,5.0,0.0,0.0,0.9777777777777777,0.7750265164669656,0.15312277073009398,1.3309429107759088,0.8016510068407401,0.9382911926933366,0.08769042164353781,2.0,2.5,1.0,0.4307692307692308,6.0,0.0,1.0,0.8888888888888888,5.0,0.0,1.0,0.8888888888888888,0.6387294297742059,0.3088999332230292,54.648883175671855,129.96952569653192,0.7529720922654228,0.3163273510542992,1.0,2.0,1.0,0.45
