blind_code,event_id,core_volume_bin,montage_path,artifact_path,evidence_sha256,review_decision,reviewer,reviewed_at_utc,notes
0099f401972e9d2e,07a00910954efd2668057a07,gt_275,montages/0099f401972e9d2e.png,artifacts/0099f401972e9d2e.npz,acd1e2b8b104d102e40b957268a3c02e4c9f7863fb4f07975ec3fb95a586156a,pending,,,
01569d34f98d2585,cf48e573ba3dcf754990c2d9,50_275,montages/01569d34f98d2585.png,artifacts/01569d34f98d2585.npz,9e6b85506f9fe3d5f42f283d6845b91cc5e4c482f310bbb0dcf9873a53df4d68,pending,,,
018f7829685333ce,d832c7f6706c7dc7261158ad,27_49,montages/018f7829685333ce.png,artifacts/018f7829685333ce.npz,3dd98edfcb3f00377bf281a1b68876230c3e1b954947b24b8af06a67c47b8c16,pending,,,
04d7059f4df8afbf,4ee246846d15030d90ac2d6e,50_275,montages/04d7059f4df8afbf.png,artifacts/04d7059f4df8afbf.npz,2b681962273f98fcfb8b956dd9368ce1a4e206cc4b83f880d1fe1e9e063bee18,pending,,,
04dd6c4d7597b1cf,4bdea40949e4180bf4009ab5,gt_275,montages/04dd6c4d7597b1cf.png,artifacts/04dd6c4d7597b1cf.npz,0b76e75ba72f94e97aabd870b3b2df547c85e59cca29a66b6f858fe4a7df6d40,pending,,,
061dbd587be29176,09234effdaedb71c3d791f0b,27_49,montages/061dbd587be29176.png,artifacts/061dbd587be29176.npz,81ff1147a9daa27cc82e87bc5d52dac84cf57c317d4805d2c4faf5e0bc6b0bc5,pending,,,
086cbc230ef61641,bcd8f16557ab20fd7f2f6a3a,50_275,montages/086cbc230ef61641.png,artifacts/086cbc230ef61641.npz,60a8e5b9e7f6598c757244c5ad4d96ff855333266d64cc8fc72dfe8dd54328dc,pending,,,
087333d25a56378a,07a00910954efd2668057a07,gt_275,montages/087333d25a56378a.png,artifacts/087333d25a56378a.npz,12482a627cbc561c4553142e81ff8d3d1450f889641b6d4ed85e0e52b1463362,pending,,,
09d4db69a2aa8058,baebda4cdca655d74dfe68b8,gt_275,montages/09d4db69a2aa8058.png,artifacts/09d4db69a2aa8058.npz,40d615de1758f9e06856740cb04470637e7f80903e8f5362124719d95a638d57,pending,,,
0a2fdc3cbb53cb0c,f2049c363a5b3855725a7d0c,27_49,montages/0a2fdc3cbb53cb0c.png,artifacts/0a2fdc3cbb53cb0c.npz,060d280c03d9a879962fa9639825bc1beda882aa044d5055bb714f7e7af6e004,pending,,,
0acc976696945ea0,1fc5bd19901935cfb912bb45,50_275,montages/0acc976696945ea0.png,artifacts/0acc976696945ea0.npz,717deeaeb7c61a064eb8a17c0dabfd49dafe6cf63036f0f6e8316966b6c236be,pending,,,
0bbb0f9e2ebfae95,4bdea40949e4180bf4009ab5,gt_275,montages/0bbb0f9e2ebfae95.png,artifacts/0bbb0f9e2ebfae95.npz,9ed1c6c8e3ade212ce4c58c1e32d5bf0e0ec61a47f01eb41518499d5b1fc43aa,pending,,,
0bcf9c603b49ba47,66e0d858be83fb4a0963a6ea,27_49,montages/0bcf9c603b49ba47.png,artifacts/0bcf9c603b49ba47.npz,16976100a15859e2f62c70b2802755a93d56de40dcd2c98f596457ce9485f6f1,pending,,,
0c30df6cd3702c72,213f224f8fa7e4b74b8afbed,gt_275,montages/0c30df6cd3702c72.png,artifacts/0c30df6cd3702c72.npz,b03b484346d4c59bd575313c4ee6d40807569cbf07ea72d4f4457a393752c540,pending,,,
0ca16fee7e5a85f1,aaf52fd0e86e4fa64a76c5dd,50_275,montages/0ca16fee7e5a85f1.png,artifacts/0ca16fee7e5a85f1.npz,3884e178b2e31aa58b5d930dafadc28b8ae4ffb0f6d6a27419848d02da4c8d46,pending,,,
0cd3d5399fc96840,bcd8f16557ab20fd7f2f6a3a,50_275,montages/0cd3d5399fc96840.png,artifacts/0cd3d5399fc96840.npz,c6a3fc1f151e00d56cc36168fa65e9b520b8b73244ac32988dceeb95b7e3da99,pending,,,
0e26e8e10a14d938,237d438861e94e6156111c72,50_275,montages/0e26e8e10a14d938.png,artifacts/0e26e8e10a14d938.npz,f34180ad745c4640923d71c60c243f1c97b5c20845f52b0f3bc4735ca6f159b5,pending,,,
100e19e8f39f8e5c,6076b25d3d2da3f4aa381c12,27_49,montages/100e19e8f39f8e5c.png,artifacts/100e19e8f39f8e5c.npz,cb27504da01efa8da2efc8768d80eef642b8288c812b617ff0ea737d490bf667,pending,,,
10a83b5b38af9e2f,3e72d4fc1c0440212c413147,27_49,montages/10a83b5b38af9e2f.png,artifacts/10a83b5b38af9e2f.npz,c0065dbc3abd5b98e6affbd6c49db72bfcd3ae8a79c194a684a17c233a460985,pending,,,
11a4144f2126e664,a2fe69a51f432024bbf94e3a,27_49,montages/11a4144f2126e664.png,artifacts/11a4144f2126e664.npz,74809f7e309d1373b747ca0b1d63e6a47367b3769c8ee36350fa3a85a86a6c1e,pending,,,
1248d5bd5f55949e,70f88f096ab4ca73709674c8,50_275,montages/1248d5bd5f55949e.png,artifacts/1248d5bd5f55949e.npz,eca96986ecbae3ab07e89ff9e34fbf41fe00a3e2a2fe14360d76c4511d274bf7,pending,,,
12801dd3362c3e22,3a6e15014b79e46114371555,50_275,montages/12801dd3362c3e22.png,artifacts/12801dd3362c3e22.npz,04125eb3b4bdae94a06b7373ebafe3257353d976b553530ee63947d82024f1c8,pending,,,
12d7f54fec76b416,d2bec275077bbc95343d58a3,50_275,montages/12d7f54fec76b416.png,artifacts/12d7f54fec76b416.npz,f0cb6fdc0c461fd301a15271e6d90ac2c61c5cb5161a16d248f2c49881804816,pending,,,
13713d2549efe13d,e285e4cec42fa61460c7c3d5,gt_275,montages/13713d2549efe13d.png,artifacts/13713d2549efe13d.npz,ef2909e8472e8464b4c940c4b52e2eb093c4fb36da8170f1f5f7eb046314e360,pending,,,
13a018a57eae67f1,a2fe69a51f432024bbf94e3a,27_49,montages/13a018a57eae67f1.png,artifacts/13a018a57eae67f1.npz,5b588050d879bb30b2d8c0a535696f0daa957dc925b5e25feb66d723e47faa46,pending,,,
13c15c2f269f0ec2,3e6e2db2fbfeec3b3363834c,gt_275,montages/13c15c2f269f0ec2.png,artifacts/13c15c2f269f0ec2.npz,2a4fff507a826b8f5af99a99d6029f10e3e1f9e150979f8035faacdde2e8f81a,pending,,,
140af482cc07045f,213f224f8fa7e4b74b8afbed,gt_275,montages/140af482cc07045f.png,artifacts/140af482cc07045f.npz,03b5fe4ee01016e2bb23e51f4953aa4ed19ec468e3cd5e11123719e0c9423ca2,pending,,,
16c6afa9b358aa37,60373d8f78579c740fde01d2,27_49,montages/16c6afa9b358aa37.png,artifacts/16c6afa9b358aa37.npz,b467933fc7c6c70bf0d9e3437a8a8b84310b753803cd851ed07bfd118c8ff0cb,pending,,,
16fd0a17844fe18a,0794bcd4db047f2c92cf79c6,50_275,montages/16fd0a17844fe18a.png,artifacts/16fd0a17844fe18a.npz,eb356416015c55159f6410b955edab6426b388a847e7d2738dfb142e41d8d156,pending,,,
17e23ad6ad146d16,a0169259d59ec31c3dd7f67c,50_275,montages/17e23ad6ad146d16.png,artifacts/17e23ad6ad146d16.npz,0c8246ae5c298bece5d86f3a884c90b0d911112570dcd2fc115a1d46550ad9f5,pending,,,
194137979fb87f1a,4ee246846d15030d90ac2d6e,50_275,montages/194137979fb87f1a.png,artifacts/194137979fb87f1a.npz,a3f8ffbd0cf42f7d15171543db1f7439c24220355cb459686d6cadde425f4bac,pending,,,
1a00b0d499f2cb15,3e72d4fc1c0440212c413147,27_49,montages/1a00b0d499f2cb15.png,artifacts/1a00b0d499f2cb15.npz,dd0457f604456daa9ae004b727eb916c41db9cb66538ad759ec7c1f5f1f691f3,pending,,,
1a4ddda80d4f607d,4379ae9033a855085c1bde4a,gt_275,montages/1a4ddda80d4f607d.png,artifacts/1a4ddda80d4f607d.npz,546107afdaca5f32fb48df1ca5d3888793978ccc503219c32b70bf8ecf2c72ae,pending,,,
1afc111953d87a26,66e0d858be83fb4a0963a6ea,27_49,montages/1afc111953d87a26.png,artifacts/1afc111953d87a26.npz,a9bd14ab6c2e3bb85fd53e737bea33ee150f85371767c7b2232a5ec14888514c,pending,,,
1cc6f281fc6eda06,70f88f096ab4ca73709674c8,50_275,montages/1cc6f281fc6eda06.png,artifacts/1cc6f281fc6eda06.npz,e4329dd0f688ad15947a699d458e439575eccd0812b260cacb800bf99ade6810,pending,,,
1f6d37d668825aec,6076b25d3d2da3f4aa381c12,27_49,montages/1f6d37d668825aec.png,artifacts/1f6d37d668825aec.npz,da5fba44386fbf8319d6a29f40d6d171b208714ed8268fde31ea470306254f75,pending,,,
1f84c3df3cb95a94,13f971512b2789cb1b3321bf,50_275,montages/1f84c3df3cb95a94.png,artifacts/1f84c3df3cb95a94.npz,de423f0064387563b9bb38449033bba6a9909262f827bb009f4e58572b3ee087,pending,,,
2023ac32168c2605,1e595ee72419bd3a39dd8614,gt_275,montages/2023ac32168c2605.png,artifacts/2023ac32168c2605.npz,aa209ae01071c3049b38db99ef093a3bf56b15fe38333517f3090f696e7c31fc,pending,,,
22de7e2fc6929a2b,cf48e573ba3dcf754990c2d9,50_275,montages/22de7e2fc6929a2b.png,artifacts/22de7e2fc6929a2b.npz,fe4e1c5ab4144bd6affde409ebeb62ae2fe5f964ef2f8eb669e4933186f50fa2,pending,,,
2595dc08f249a861,f2049c363a5b3855725a7d0c,27_49,montages/2595dc08f249a861.png,artifacts/2595dc08f249a861.npz,f36a114aabc344cbdf95bf82cb9c95912ed9d917fb888c14644098555d8addcb,pending,,,
25cb99ac504aec84,0794bcd4db047f2c92cf79c6,50_275,montages/25cb99ac504aec84.png,artifacts/25cb99ac504aec84.npz,b128706c088dcda217e2b64b4a04dc866865e29cdb4346eb069f3f73e5f9e4f2,pending,,,
25d5e12e92b3e9ba,d0fad80fab7c250484b88251,gt_275,montages/25d5e12e92b3e9ba.png,artifacts/25d5e12e92b3e9ba.npz,ad859cfe380c5ce0a0b6ca49c702f6cb9272288033bc3ae14be29cb334f24669,pending,,,
266566f96fdc1a4e,4bdea40949e4180bf4009ab5,gt_275,montages/266566f96fdc1a4e.png,artifacts/266566f96fdc1a4e.npz,e236dfa4f30b04b862b78fdbfdb9281b35e4da013e2318d3b5e7604f71b75709,pending,,,
271e8d9a84db7181,65f81faf6e9f8549d6ebed8e,27_49,montages/271e8d9a84db7181.png,artifacts/271e8d9a84db7181.npz,832727fe7a7f384e14da390f8adc9d3d54cb461f3b05172eb8356551e381e288,pending,,,
27f68cd6b79034be,d2bec275077bbc95343d58a3,50_275,montages/27f68cd6b79034be.png,artifacts/27f68cd6b79034be.npz,20535046a059f1834433131b7fbf1c339eeb7a8a60de40678c39719f28bbd800,pending,,,
291eb77067849dd1,80c0895595aff85f5d952210,gt_275,montages/291eb77067849dd1.png,artifacts/291eb77067849dd1.npz,22b3166cd348b2dfc8af8c5f388bac28c5c1356534676b172cdec4207657ccd2,pending,,,
2aae0ea3197fcc3d,c864da0b928c8e1f64645db2,27_49,montages/2aae0ea3197fcc3d.png,artifacts/2aae0ea3197fcc3d.npz,e50dc93ffb0cc63b99024dc1124a1b88601a79b7f41518766ae766c3f6208014,pending,,,
2b2623aa3cadceeb,6076b25d3d2da3f4aa381c12,27_49,montages/2b2623aa3cadceeb.png,artifacts/2b2623aa3cadceeb.npz,5d9b7b63d0a4d8e65c304ca94564a1da945f88c1c2435bfc3d53036c5672bb16,pending,,,
2b8d640c1bbae51c,08bf1415eec661d21df7f652,27_49,montages/2b8d640c1bbae51c.png,artifacts/2b8d640c1bbae51c.npz,6c219cdd806dac5627f3ae024394f1ed1297d08973e791af43de2ecc51c10d9a,pending,,,
2ba339e8842e36fc,13f971512b2789cb1b3321bf,50_275,montages/2ba339e8842e36fc.png,artifacts/2ba339e8842e36fc.npz,0e7bb70823f0893b277e812323b5f85c264fad80fc27181ccc0019e331c15979,pending,,,
2cc833e36e86f3e9,be783dc3f73d007f693fdd30,50_275,montages/2cc833e36e86f3e9.png,artifacts/2cc833e36e86f3e9.npz,930514020a9e865faa7b169f5a536686f10b0dba472f16c7a6302c8fbe0b517a,pending,,,
2e2297429e9ffa76,8bfa3346f9a47cb52cc0004c,gt_275,montages/2e2297429e9ffa76.png,artifacts/2e2297429e9ffa76.npz,5c4cea319a63bebb0cbf70f56551721c5182584579c55a0da811d8870f419da0,pending,,,
2f9695c17ad29fbc,a0169259d59ec31c3dd7f67c,50_275,montages/2f9695c17ad29fbc.png,artifacts/2f9695c17ad29fbc.npz,af2d5a7578d0289435f6e8c3a59a2a7c36a48cdda313013a260a60c02cdfe011,pending,,,
2feb178448c92276,949d470637ca923991a57198,50_275,montages/2feb178448c92276.png,artifacts/2feb178448c92276.npz,917ea918f96095d1384f4873a2ad111d209efbfd37dd3120614c13d37a321cb0,pending,,,
3039cd270ac1d232,ac2e90e918ec875b2e0f6d9c,27_49,montages/3039cd270ac1d232.png,artifacts/3039cd270ac1d232.npz,465e8f5261b0f8b57b10727835cbda8c27b72d4a8a88d971a6fc23347c7ede45,pending,,,
329dc1391f4d55d2,80c0895595aff85f5d952210,gt_275,montages/329dc1391f4d55d2.png,artifacts/329dc1391f4d55d2.npz,86578cb82f15728c04ff55a2949fb57e45adfd18ae3b0e66aed5c74b0f5dd863,pending,,,
35792c976a998465,baebda4cdca655d74dfe68b8,gt_275,montages/35792c976a998465.png,artifacts/35792c976a998465.npz,97cc8e03186128b85bd6b53b948425c51b8a8b4e6b9e99ee4bf8768563dabee6,pending,,,
357e7ea91c9930a9,80c0895595aff85f5d952210,gt_275,montages/357e7ea91c9930a9.png,artifacts/357e7ea91c9930a9.npz,f787636fe524a6488f161f8840ecd7871ee4bd5188384618000b95af91c9707d,pending,,,
3595023e33d73225,4379ae9033a855085c1bde4a,gt_275,montages/3595023e33d73225.png,artifacts/3595023e33d73225.npz,7f600d29c48b1d8e0b0c62c41075bf2b54e775e5618755e340fe1bb592f03f53,pending,,,
35cb823666bb907c,ea9534b425f838b0c4e4032a,27_49,montages/35cb823666bb907c.png,artifacts/35cb823666bb907c.npz,303d0f096a5cad1d98d2300f3187915e5e01c1f893606ff6152f1e0fcc61394e,pending,,,
36b2e1505b96415a,07a00910954efd2668057a07,gt_275,montages/36b2e1505b96415a.png,artifacts/36b2e1505b96415a.npz,9d66c313874dc122434678915aeaf180707ac186806d735d2f047df30d5f9175,pending,,,
379cf0b7adabe5d5,a68f8e287729dedfb357d230,50_275,montages/379cf0b7adabe5d5.png,artifacts/379cf0b7adabe5d5.npz,ce4d3644c1040dc7d5424d31f1885cbac1ece3db02b1ed22663459e10b5a2880,pending,,,
3872e3ff9a15b344,d2bec275077bbc95343d58a3,50_275,montages/3872e3ff9a15b344.png,artifacts/3872e3ff9a15b344.npz,52dabf821e518c7d86071d2eacf396ab64beb34964049904b47174441037f3a8,pending,,,
393b7198cc738a8a,40e7f588f85f3305a49452f2,gt_275,montages/393b7198cc738a8a.png,artifacts/393b7198cc738a8a.npz,4a64fe1fe5530eb3ca622bc946c021fa6d2b0e2700ed9c1625d41d31fb1c2e2f,pending,,,
398d75f9f8db9900,a0169259d59ec31c3dd7f67c,50_275,montages/398d75f9f8db9900.png,artifacts/398d75f9f8db9900.npz,910f8b4953b399d8c51252627aa2f7521af5f18e626bbd070f54f51da07b5322,pending,,,
39c78650fc8217d6,1fc5bd19901935cfb912bb45,50_275,montages/39c78650fc8217d6.png,artifacts/39c78650fc8217d6.npz,cb77e7b4d36625d52f1f9ed9960c52742da8b3dba235ce1687ad636aac95b60e,pending,,,
3b291cfb3dbe863c,c864da0b928c8e1f64645db2,27_49,montages/3b291cfb3dbe863c.png,artifacts/3b291cfb3dbe863c.npz,1d813e9bd0e900f7b4d9cfbc8e98193a7dfd809483481520c3bc677f34f5d812,pending,,,
3b6047f2916e5a7b,2e28db46b24484b62591543f,gt_275,montages/3b6047f2916e5a7b.png,artifacts/3b6047f2916e5a7b.npz,47d425fb72fc2535af578bad920b1bad0d772d27d78a1b731dae5ca2a26e6ab3,pending,,,
3b760f91bc63357c,949d470637ca923991a57198,50_275,montages/3b760f91bc63357c.png,artifacts/3b760f91bc63357c.npz,36815d67a6eec05cb70613cddb16c4ead5f100bf6aa1b572c2f82c735bfda4c1,pending,,,
3c3ce1aa01caa1d4,3e6e2db2fbfeec3b3363834c,gt_275,montages/3c3ce1aa01caa1d4.png,artifacts/3c3ce1aa01caa1d4.npz,3c85f101ecb8f34425b027b787750e3c1f195d597ba6059e1bb8b3b936b74182,pending,,,
3d345e7c461ea029,6c5ba71b5e0700198ccf46fd,gt_275,montages/3d345e7c461ea029.png,artifacts/3d345e7c461ea029.npz,51e633f94f6ef1f534c0eac4eb344b8731cf8b75d0fdeebfb8b72bf91064be5a,pending,,,
3e1b0adf9fb363ba,fc045f0b6f306f008784683f,27_49,montages/3e1b0adf9fb363ba.png,artifacts/3e1b0adf9fb363ba.npz,89079302edb8255433cb75559c30f97cd96c4b7ed158a2ec500673abf6fb48cd,pending,,,
3e2b05dacbc1108b,3e72d4fc1c0440212c413147,27_49,montages/3e2b05dacbc1108b.png,artifacts/3e2b05dacbc1108b.npz,52355dbf0058a05c2517ef4ed8435edb7e3f25bedfcbe027b1b7b8432952cf36,pending,,,
3e2d0bc1f52fb7e3,1fc5bd19901935cfb912bb45,50_275,montages/3e2d0bc1f52fb7e3.png,artifacts/3e2d0bc1f52fb7e3.npz,72d30f38abc93674788b0390a19346a72e53549653b4f29155b469a8466ae0a4,pending,,,
3e5700593ed007cc,1e595ee72419bd3a39dd8614,gt_275,montages/3e5700593ed007cc.png,artifacts/3e5700593ed007cc.npz,5de89ed8151a5a8fc4aff36b0890b17e2ddc7a0198f86e4ac6d21f7972657bec,pending,,,
401c28840799c396,4379ae9033a855085c1bde4a,gt_275,montages/401c28840799c396.png,artifacts/401c28840799c396.npz,1d67e6d43178b942a2885614678066330e5cf0d4ddd679ad7b91281e6d85f600,pending,,,
41af41a9ce45a0c1,b2a8c88f88dbb32b1e595b13,gt_275,montages/41af41a9ce45a0c1.png,artifacts/41af41a9ce45a0c1.npz,4a66a959014dcbdf5ac593f6d306943d8de9262a70416d470417434bc66f46ec,pending,,,
41cb4c3cf5be40cf,bcd8f16557ab20fd7f2f6a3a,50_275,montages/41cb4c3cf5be40cf.png,artifacts/41cb4c3cf5be40cf.npz,c20a0e52d21afd20a57f3f82aca10dc26c0633c98663f9b1df68e5ab6ce1e9a5,pending,,,
42c10e96a4692bb8,3a6e15014b79e46114371555,50_275,montages/42c10e96a4692bb8.png,artifacts/42c10e96a4692bb8.npz,349f87e1437dd4b675ecbdef8f4290337c57153508b2b9b4950ad4da7fe37cbe,pending,,,
43209631231a2c48,237d438861e94e6156111c72,50_275,montages/43209631231a2c48.png,artifacts/43209631231a2c48.npz,d94844f1c1a92e0bbde1ee762a045707ed0fc50e4439e76ec7c6edfb07af263e,pending,,,
43976206973e90d6,c864da0b928c8e1f64645db2,27_49,montages/43976206973e90d6.png,artifacts/43976206973e90d6.npz,bdbcbe17ae2b625c27cbc6f56161b6d198b8473bfb81061e1f1ef06d142e361e,pending,,,
44dbfde13b4db5e1,6076b25d3d2da3f4aa381c12,27_49,montages/44dbfde13b4db5e1.png,artifacts/44dbfde13b4db5e1.npz,dec7fc87fecb32a9d0eed7d46c005345622b94dd2c55dbe3bf02db0144fe65f7,pending,,,
45111565e197cb05,d2bec275077bbc95343d58a3,50_275,montages/45111565e197cb05.png,artifacts/45111565e197cb05.npz,c06caf81f3130bf55cca8ed62f4caccc6af620ac3f6b6c2c77b62c082237a5fd,pending,,,
4684ce307f966e01,08bf1415eec661d21df7f652,27_49,montages/4684ce307f966e01.png,artifacts/4684ce307f966e01.npz,e87873f598c0541e82f70b60a65c261d5ba500e5764cab90af787c2e94f99521,pending,,,
481461a97c02db41,6076b25d3d2da3f4aa381c12,27_49,montages/481461a97c02db41.png,artifacts/481461a97c02db41.npz,6d19050f75b439a75f577c74b4ceee207131107dbb29950c70c7ab6c05e401ec,pending,,,
48909dafeb4de454,d0fad80fab7c250484b88251,gt_275,montages/48909dafeb4de454.png,artifacts/48909dafeb4de454.npz,575c707eb6d5087c51368243242e281d24e5c1f3b02a410f1b4318879576dc1d,pending,,,
48b7dd5668e17fa5,09234effdaedb71c3d791f0b,27_49,montages/48b7dd5668e17fa5.png,artifacts/48b7dd5668e17fa5.npz,1f41f3aa611376a53691568339acb363c4fb4c5a162bc282148d59933e1122c8,pending,,,
4906833a1a7fda34,f2049c363a5b3855725a7d0c,27_49,montages/4906833a1a7fda34.png,artifacts/4906833a1a7fda34.npz,18baafe4363d65b1a691609a37d45f944fce08c0ccc111ca47ecd36490ac9bf1,pending,,,
4a3b96b9c148e8b1,ea9534b425f838b0c4e4032a,27_49,montages/4a3b96b9c148e8b1.png,artifacts/4a3b96b9c148e8b1.npz,ca656161e31aa3dd95a1713a065d2cd60b536a0097984c1855390646eac7585f,pending,,,
4afaf16f5862c829,40b34573cbc1d6f8d5a7df45,27_49,montages/4afaf16f5862c829.png,artifacts/4afaf16f5862c829.npz,89ff398c8ea3ce8db5ddce68decded3b056f8eaf7fd61ebbf6030b5bfcfd0b59,pending,,,
4b4ba4d7ff45208a,8e1ab8dc7ead78cee7d8c3c7,50_275,montages/4b4ba4d7ff45208a.png,artifacts/4b4ba4d7ff45208a.npz,bc8fd9e12f0a4062cbcca058649463efa3283aeb97218f58b3887a501eb36377,pending,,,
4c0f9d432667e25f,1e595ee72419bd3a39dd8614,gt_275,montages/4c0f9d432667e25f.png,artifacts/4c0f9d432667e25f.npz,a42468ba44a3cc0a051ebedcd9a3654bc4578ca17b804e46f05472a9ff149383,pending,,,
4cb124f6f46176b0,08bf1415eec661d21df7f652,27_49,montages/4cb124f6f46176b0.png,artifacts/4cb124f6f46176b0.npz,16dc6efe063ea9d0525db6769c4be63d8e343d029acae0669724aaf34ebf82fb,pending,,,
4cbaeba471a4d189,b2a8c88f88dbb32b1e595b13,gt_275,montages/4cbaeba471a4d189.png,artifacts/4cbaeba471a4d189.npz,9918d72994f5634d7184b594d08c3178be399b33d9aa95d7a8215c74adbf40db,pending,,,
4cf38996b85e6064,a68f8e287729dedfb357d230,50_275,montages/4cf38996b85e6064.png,artifacts/4cf38996b85e6064.npz,8f1c83f77d31068dcc3c698214cdac3cabb212ad6ce81242e6b51ba89612c377,pending,,,
4d93485fafb1b760,a2fe69a51f432024bbf94e3a,27_49,montages/4d93485fafb1b760.png,artifacts/4d93485fafb1b760.npz,6215a44764555c67a8e7c1aef64b53a00b735715f2a70ec70a65aacdde0ed5fc,pending,,,
4e1486dd36db519e,60373d8f78579c740fde01d2,27_49,montages/4e1486dd36db519e.png,artifacts/4e1486dd36db519e.npz,86e534936cd7769f715aa0d6b7468a6a8f833744ebfecbd43f8ff3c1ee2274d0,pending,,,
4f08f0f88bfe15ff,40e7f588f85f3305a49452f2,gt_275,montages/4f08f0f88bfe15ff.png,artifacts/4f08f0f88bfe15ff.npz,81cf3cd06466d54e1912750faa224d3db996a4bf965bd491c9ba161b9a9ecdf0,pending,,,
4f99aff4ca5b5363,213f224f8fa7e4b74b8afbed,gt_275,montages/4f99aff4ca5b5363.png,artifacts/4f99aff4ca5b5363.npz,0ad6a98ae93c08ff499b2c40604b031afa2e1446f5c8e8a7b0131c0e348b3c19,pending,,,
50439753c52b6862,3e6e2db2fbfeec3b3363834c,gt_275,montages/50439753c52b6862.png,artifacts/50439753c52b6862.npz,fe588d694465c66bc5afd8537899c9290484a893d69b289716cee02cccc6cd7c,pending,,,
50fe7c7aac9fd8f0,40b34573cbc1d6f8d5a7df45,27_49,montages/50fe7c7aac9fd8f0.png,artifacts/50fe7c7aac9fd8f0.npz,1e7747baff89fc0c24741adf8d50c016b82195cb732e84848e3ce4048c8dab7e,pending,,,
52389a73f222260c,40e7f588f85f3305a49452f2,gt_275,montages/52389a73f222260c.png,artifacts/52389a73f222260c.npz,aca1c21cde0e4adae1630e88943f64757f194d5b38873529d7166bba08fdb2fb,pending,,,
547d6c89ceaeca7a,ac2e90e918ec875b2e0f6d9c,27_49,montages/547d6c89ceaeca7a.png,artifacts/547d6c89ceaeca7a.npz,973769cc0a9d04ae54228429ba711f50cbd98b24f9a42872fa0d5ebb6c872b2d,pending,,,
54dc1b8f7c13c4d8,c3f9c9ace79ca933fcd4dd0f,27_49,montages/54dc1b8f7c13c4d8.png,artifacts/54dc1b8f7c13c4d8.npz,a1f7c9f0edc14fed602872ba155366278057fc1c0d2d3ecd9f857e8fd2251154,pending,,,
57d931f9dcbb4255,949d470637ca923991a57198,50_275,montages/57d931f9dcbb4255.png,artifacts/57d931f9dcbb4255.npz,b0c10fec56a3fd94927ce5c6341c15dcb08f13d6c86e956e88236fd58eace792,pending,,,
5d029af0366a7055,ac2e90e918ec875b2e0f6d9c,27_49,montages/5d029af0366a7055.png,artifacts/5d029af0366a7055.npz,0dc11ac969a0ba68dd126a3e7d6fcd69f69eeafa02b74b21536aab093fc4bc2b,pending,,,
601350ec0340b8d2,4379ae9033a855085c1bde4a,gt_275,montages/601350ec0340b8d2.png,artifacts/601350ec0340b8d2.npz,09c91e189c882bad5068583eac54e99e8eb11d791a1a66e424dfa8a16cd58bc8,pending,,,
61c3e2e5853a9590,2e28db46b24484b62591543f,gt_275,montages/61c3e2e5853a9590.png,artifacts/61c3e2e5853a9590.npz,7691d4f9499109635140b759b20b0736b6d4cae81c73ad2e7208310080650342,pending,,,
62436bd2f97a9626,0794bcd4db047f2c92cf79c6,50_275,montages/62436bd2f97a9626.png,artifacts/62436bd2f97a9626.npz,2dcedc53685bca7fce8ac0c90f7c6f275bccb8e427687a36e27be5e39ce9d5e9,pending,,,
62684385d05dec89,66e0d858be83fb4a0963a6ea,27_49,montages/62684385d05dec89.png,artifacts/62684385d05dec89.npz,33f0154dfff9cc07e62336a29d828dcb7e09b9aeab05d9421e38ab8665ade3f3,pending,,,
63fa26fbf2e89145,a55356a67455e9d85f89e03b,gt_275,montages/63fa26fbf2e89145.png,artifacts/63fa26fbf2e89145.npz,faf33ce572ebe82a6fdb2af26bddc38c1d7a1d8b67a51ce9d212bf03483440ee,pending,,,
650bd39f0a5fea93,8bfa3346f9a47cb52cc0004c,gt_275,montages/650bd39f0a5fea93.png,artifacts/650bd39f0a5fea93.npz,5b140c7e59f39b9c8b1d6849652ffd83702df409f8cdf28725d166e2f9883b9c,pending,,,
65cc3c2f60f4c53d,65f81faf6e9f8549d6ebed8e,27_49,montages/65cc3c2f60f4c53d.png,artifacts/65cc3c2f60f4c53d.npz,b098ddfe9fddf04e10fa94fd4ae49d618d03fd9a530dc176919a3e794922ae15,pending,,,
68a6d6b30791510a,213f224f8fa7e4b74b8afbed,gt_275,montages/68a6d6b30791510a.png,artifacts/68a6d6b30791510a.npz,d18b04abef9f2f61ea120dd134fe6e0f377f2c7f69af2f0c15e5d061058e4be3,pending,,,
69785db0d1276609,4379ae9033a855085c1bde4a,gt_275,montages/69785db0d1276609.png,artifacts/69785db0d1276609.npz,49af3e34ca02b524ccc8755e50f8ed1fd49486113da6cc8722a9e86b88ae316a,pending,,,
6e94257fac47003a,cf48e573ba3dcf754990c2d9,50_275,montages/6e94257fac47003a.png,artifacts/6e94257fac47003a.npz,83424a98c983400e27ad02c0a6a485bc8b90b62aaea2776c916cc31ad8e5cc1b,pending,,,
70d0413d4c0f7ca8,cf48e573ba3dcf754990c2d9,50_275,montages/70d0413d4c0f7ca8.png,artifacts/70d0413d4c0f7ca8.npz,699a0db13bf99fd3aaf50b3ae806f380c2dcfc6305bba14a409c90e84e598da2,pending,,,
74eaf85697e7a3e8,fc045f0b6f306f008784683f,27_49,montages/74eaf85697e7a3e8.png,artifacts/74eaf85697e7a3e8.npz,904ce1145889e24f377fcd31eb4d2718ff9747f5cafbd20aa36903b66d9d2215,pending,,,
763616b263c11ec8,40b34573cbc1d6f8d5a7df45,27_49,montages/763616b263c11ec8.png,artifacts/763616b263c11ec8.npz,53d47bc8c3cd1342255ae1b17ff0c24eba2c72b7c2577604b9d7f391cbffd26a,pending,,,
76c0280cc3644d12,a55356a67455e9d85f89e03b,gt_275,montages/76c0280cc3644d12.png,artifacts/76c0280cc3644d12.npz,e028f743167fa4ca0e91561b529a845d3045cee33c919ed5ef0bbab4f878a876,pending,,,
7c81c8240e7c5e16,2e28db46b24484b62591543f,gt_275,montages/7c81c8240e7c5e16.png,artifacts/7c81c8240e7c5e16.npz,d2ac5770febfd6b56ecbea353c2b24c0dd4b1c0c7fabe6b543953334d6ab0f85,pending,,,
7dbee01003c0a36d,3a6e15014b79e46114371555,50_275,montages/7dbee01003c0a36d.png,artifacts/7dbee01003c0a36d.npz,6317b4c75e92e94f4d5f217493db984f4da195b8de2e19cdaa5c511d69f8df06,pending,,,
7e6216459488eb4f,a68f8e287729dedfb357d230,50_275,montages/7e6216459488eb4f.png,artifacts/7e6216459488eb4f.npz,d09888c0d85f3f88de7608e09b7faff3018159c532a930ba828de871f0524db2,pending,,,
7e8ddfb26f2f9627,3a6e15014b79e46114371555,50_275,montages/7e8ddfb26f2f9627.png,artifacts/7e8ddfb26f2f9627.npz,3a647b8a9d62fa554f8fd1b79cb61d0e527dd50bcd2820c687fc1c6a750e893a,pending,,,
7ed6b67df9729c1d,a55356a67455e9d85f89e03b,gt_275,montages/7ed6b67df9729c1d.png,artifacts/7ed6b67df9729c1d.npz,f718402bbf7f88efa1220398256b5dcdb55b5ffa034a79164845e9cea05f4ad0,pending,,,
8046a7032fe63c84,07a00910954efd2668057a07,gt_275,montages/8046a7032fe63c84.png,artifacts/8046a7032fe63c84.npz,12732c9b0237c0394882270e392a294bb17aa887de2e4bda0bc7b5ced8772025,pending,,,
81359d8a67da255a,d832c7f6706c7dc7261158ad,27_49,montages/81359d8a67da255a.png,artifacts/81359d8a67da255a.npz,cc8675231d2f78f2d000edcc4d6767cf18dd8ea6fca8c80dfaf8a3f244fa1cea,pending,,,
817fb907d4802747,e285e4cec42fa61460c7c3d5,gt_275,montages/817fb907d4802747.png,artifacts/817fb907d4802747.npz,86958423f791954c6ab8dbd62e3f3092417b079e913b2d2fcc71264af95c9251,pending,,,
818727f6606e3fcb,fc045f0b6f306f008784683f,27_49,montages/818727f6606e3fcb.png,artifacts/818727f6606e3fcb.npz,8176367808404040ffd9ccd83a0596ed5503de067e8f03233fe747e4c4a317a1,pending,,,
81f30f134cb59e01,aaf52fd0e86e4fa64a76c5dd,50_275,montages/81f30f134cb59e01.png,artifacts/81f30f134cb59e01.npz,fc44ca8ac39c643361a34b1bb9ea0c721d69786dffcf40481ecf17801466812b,pending,,,
83a986fc0aa3d0a1,8e1ab8dc7ead78cee7d8c3c7,50_275,montages/83a986fc0aa3d0a1.png,artifacts/83a986fc0aa3d0a1.npz,10110a59db8eb7454b1f97f2c0c406416e983265ea024f656f59865c03e4c24c,pending,,,
84c5211ff59dfb71,c864da0b928c8e1f64645db2,27_49,montages/84c5211ff59dfb71.png,artifacts/84c5211ff59dfb71.npz,9f5fdb996654d7a60808fb51e5158352556db17d986d40ede3a07447d50fc585,pending,,,
84cef145dafe67b0,d0fad80fab7c250484b88251,gt_275,montages/84cef145dafe67b0.png,artifacts/84cef145dafe67b0.npz,230a3f8b9691d3cb7c8321e6b168c6897a4544cb9eb70dd3e090104c7c103fdf,pending,,,
871d661ea6e6e2f0,be783dc3f73d007f693fdd30,50_275,montages/871d661ea6e6e2f0.png,artifacts/871d661ea6e6e2f0.npz,5a93413adfc2951a7c1918a6774be378dac2465ffce892b7e26777e2bb5ab7b7,pending,,,
87281cea654e9b04,ac2e90e918ec875b2e0f6d9c,27_49,montages/87281cea654e9b04.png,artifacts/87281cea654e9b04.npz,ed225586d8fa1b2f557165e2d407efec17fd15d9aae6fa621366a5147919a189,pending,,,
8a50e15bb614e182,60373d8f78579c740fde01d2,27_49,montages/8a50e15bb614e182.png,artifacts/8a50e15bb614e182.npz,a79f00588b8a0fc10a0bc6256420bc0468ae579bc87b041dbcb567af3bbc1f3d,pending,,,
8c827fac70b05765,237d438861e94e6156111c72,50_275,montages/8c827fac70b05765.png,artifacts/8c827fac70b05765.npz,7ab3d7218e303a89a8bce100b86719f8cd174b7301174ee5ad3eb8e60720ba92,pending,,,
8dda90f131ce90fb,3a6e15014b79e46114371555,50_275,montages/8dda90f131ce90fb.png,artifacts/8dda90f131ce90fb.npz,f88b3decce96b67ab0ec40e37ec683f9dee15be4e55bfe3f036b5b1f5adc611b,pending,,,
8e0b481f8c7732ac,fc045f0b6f306f008784683f,27_49,montages/8e0b481f8c7732ac.png,artifacts/8e0b481f8c7732ac.npz,50297cc6efa743e8c9068a641f1fc06884c6e12d4f17342350d26a83b8b85af2,pending,,,
901cd25c64147ad5,66e0d858be83fb4a0963a6ea,27_49,montages/901cd25c64147ad5.png,artifacts/901cd25c64147ad5.npz,2f84f82437675e1e67da9a66b4408b94c090280ff257421078d921d7c3484ea2,pending,,,
9094d037d567eede,a55356a67455e9d85f89e03b,gt_275,montages/9094d037d567eede.png,artifacts/9094d037d567eede.npz,a87c3cc6ed4e52cefd078b7d1acc0d0b46913f48af5c019208d2ba202e46f205,pending,,,
95748a1943038f28,3e6e2db2fbfeec3b3363834c,gt_275,montages/95748a1943038f28.png,artifacts/95748a1943038f28.npz,6b2a1cf7475da6bcf3a37e6c58fb0c2a95116c53f7f4ddf6d5db77933c839487,pending,,,
95ba402cfbbb45c5,baebda4cdca655d74dfe68b8,gt_275,montages/95ba402cfbbb45c5.png,artifacts/95ba402cfbbb45c5.npz,ebed507ba059e297a313281b29050abeab5704b40e1466606b6154003b79e7ff,pending,,,
971bb7fe9447dd5a,ea9534b425f838b0c4e4032a,27_49,montages/971bb7fe9447dd5a.png,artifacts/971bb7fe9447dd5a.npz,a5d80d4c3f2b1d8b93ffb8cddcf54f47658531a06668e9f0e49cbe0997802ef2,pending,,,
991f7d8ed7befd63,4ee246846d15030d90ac2d6e,50_275,montages/991f7d8ed7befd63.png,artifacts/991f7d8ed7befd63.npz,aab7c18a2550dd5d9a20afe826f16a72be2a388acf15c27551dcdf8f3d7c6618,pending,,,
997e37777cccfda8,1e595ee72419bd3a39dd8614,gt_275,montages/997e37777cccfda8.png,artifacts/997e37777cccfda8.npz,a40c9c90b1acb2d20fd13686c91a0fd38f151d9cb7aa242b956af353edceb1f0,pending,,,
9b66c7a37cf8e291,4bdea40949e4180bf4009ab5,gt_275,montages/9b66c7a37cf8e291.png,artifacts/9b66c7a37cf8e291.npz,9515f0b456300fc5b38470dd8feaa37ff6b16c22074a96ccb08a13fafc9fdcdc,pending,,,
9b7ee58aae8ac539,d832c7f6706c7dc7261158ad,27_49,montages/9b7ee58aae8ac539.png,artifacts/9b7ee58aae8ac539.npz,cab484d1581ea80e3981fee51f3ea5ed07af08597a7399270c3d44077a144d76,pending,,,
9c0abc0a02deba2f,6c5ba71b5e0700198ccf46fd,gt_275,montages/9c0abc0a02deba2f.png,artifacts/9c0abc0a02deba2f.npz,8b076b4100cce42ba37f06fc31ca4380d34df256083cef171588af16ed46b13e,pending,,,
9c380b61251bc6a2,80c0895595aff85f5d952210,gt_275,montages/9c380b61251bc6a2.png,artifacts/9c380b61251bc6a2.npz,5cefb0f0822e8781e310b2484b8f76bfee7f61e9accbb4a8a4d85f3ec0249a10,pending,,,
9d2513bc3066ee51,949d470637ca923991a57198,50_275,montages/9d2513bc3066ee51.png,artifacts/9d2513bc3066ee51.npz,7fe78c7826acfac24573cc62ee4274bdbb9539fc111367ac759ab518d9881c25,pending,,,
9e5894eea8221179,aaf52fd0e86e4fa64a76c5dd,50_275,montages/9e5894eea8221179.png,artifacts/9e5894eea8221179.npz,1f10ff118470a70071109ba6110de257dbc8fe81b3002e1ababde5f6c78256e0,pending,,,
9f32a3701dec5618,65f81faf6e9f8549d6ebed8e,27_49,montages/9f32a3701dec5618.png,artifacts/9f32a3701dec5618.npz,38ce9bfc0404555365ce90df09e8a1e734b8e91d3e5f9b6b645dcb66a74cbf07,pending,,,
9ff9fd5c7b332643,65f81faf6e9f8549d6ebed8e,27_49,montages/9ff9fd5c7b332643.png,artifacts/9ff9fd5c7b332643.npz,c8ad84dd0d4ae0b528dd48101e6f6d8005322e5861c50a5377b729e6a192af1f,pending,,,
a14e26fce42efcb7,a2fe69a51f432024bbf94e3a,27_49,montages/a14e26fce42efcb7.png,artifacts/a14e26fce42efcb7.npz,d3f074406c334a7197443ffbaab6e0c8b78ab2bd7006ceee96e6b57fa1da3925,pending,,,
a1a5ffbaf88f6e9b,8e1ab8dc7ead78cee7d8c3c7,50_275,montages/a1a5ffbaf88f6e9b.png,artifacts/a1a5ffbaf88f6e9b.npz,7f7e806ba21e99b255a0f6185b16886f3b948ad453261ad57fa7481c714f3fef,pending,,,
a1d1173aa1ccc824,0794bcd4db047f2c92cf79c6,50_275,montages/a1d1173aa1ccc824.png,artifacts/a1d1173aa1ccc824.npz,09d4c8fb5e7739ee3bdb2c3101a55fc50a849a8e581dfd10c95b0d9ed17c807a,pending,,,
a2009b40574f7125,213f224f8fa7e4b74b8afbed,gt_275,montages/a2009b40574f7125.png,artifacts/a2009b40574f7125.npz,bba3c8b421626bac48c8f932746af77d3dbc4387e092836be4a0968d454d4f7f,pending,,,
a2792b693af96424,8e1ab8dc7ead78cee7d8c3c7,50_275,montages/a2792b693af96424.png,artifacts/a2792b693af96424.npz,8f3ae667f5fe6aa48061e10fe798b8ce731dda38ed00ef55bf06bb5599ec7e32,pending,,,
a466ab259f2e2fcd,b2a8c88f88dbb32b1e595b13,gt_275,montages/a466ab259f2e2fcd.png,artifacts/a466ab259f2e2fcd.npz,fcda3419a668d113a3b8d2e46b10be4d516f620009ac5544ff45726dbc460cb4,pending,,,
a571f9df6ab70e3c,40e7f588f85f3305a49452f2,gt_275,montages/a571f9df6ab70e3c.png,artifacts/a571f9df6ab70e3c.npz,6adfc5b7328b1753283283b5cb27cde5892aefc15fe1327a288821e4b0eef914,pending,,,
a58f6deaaf7449a1,4ee246846d15030d90ac2d6e,50_275,montages/a58f6deaaf7449a1.png,artifacts/a58f6deaaf7449a1.npz,49e2f02bbd25812bf1baa710de72129eb2ecbcb9bea3a2402e252493ff930afb,pending,,,
a756ba02c9b4bd41,40b34573cbc1d6f8d5a7df45,27_49,montages/a756ba02c9b4bd41.png,artifacts/a756ba02c9b4bd41.npz,bd8f9664a1f54f392e475e6956faef61574f07ae01324c36dbaafb7fce1f2d25,pending,,,
a78dbdba3b70358e,40b34573cbc1d6f8d5a7df45,27_49,montages/a78dbdba3b70358e.png,artifacts/a78dbdba3b70358e.npz,9b9a77449c84bab55176ec45ffa79ff13356270bf622c36525b91ed9edb232c6,pending,,,
a8d961f376b033a3,f2049c363a5b3855725a7d0c,27_49,montages/a8d961f376b033a3.png,artifacts/a8d961f376b033a3.npz,e996fca0de516e2cbc8256cbaad29100e37b17b0d48549d2b538be40d8b6edb6,pending,,,
a904083e3ede446a,08bf1415eec661d21df7f652,27_49,montages/a904083e3ede446a.png,artifacts/a904083e3ede446a.npz,a28c2c907e0ef907b641608504a98db87b21601d98e7c6d1f4297bb4170043a2,pending,,,
a9322b11c6a2459b,2e28db46b24484b62591543f,gt_275,montages/a9322b11c6a2459b.png,artifacts/a9322b11c6a2459b.npz,9036f8786fb27054e157971ec4971f19ac4d2b9d2cb089b5535bf1e22f68b10e,pending,,,
a95d66508c846a97,c3f9c9ace79ca933fcd4dd0f,27_49,montages/a95d66508c846a97.png,artifacts/a95d66508c846a97.npz,aad16a29dc84b83451e817f2dd0edb1a9ec07f1552f32cdaf0cd93c0dd115185,pending,,,
abde920b3fd7e8dc,8bfa3346f9a47cb52cc0004c,gt_275,montages/abde920b3fd7e8dc.png,artifacts/abde920b3fd7e8dc.npz,b48877780dee83a5566209b64c407c521a23afc6b270c3558e7b8221abe34f87,pending,,,
ac25e5aa3f0a7b38,baebda4cdca655d74dfe68b8,gt_275,montages/ac25e5aa3f0a7b38.png,artifacts/ac25e5aa3f0a7b38.npz,969ddd8d9fd517acc760394cb9d75ac265ca36cdf9c03a43a1a5efc6bcaf1c3a,pending,,,
acb82e64e51e9c2b,d832c7f6706c7dc7261158ad,27_49,montages/acb82e64e51e9c2b.png,artifacts/acb82e64e51e9c2b.npz,8c7fd50cba900a00d97eae2f296c353bf2fe42dd2d2359e0387eb2d6251b0739,pending,,,
acfccfccc42e9080,fc045f0b6f306f008784683f,27_49,montages/acfccfccc42e9080.png,artifacts/acfccfccc42e9080.npz,0b38c5bf76f3620bbd251854bd3f8da4eec2f20a264e7606be24738b6f54263b,pending,,,
ada9552009fd7444,13f971512b2789cb1b3321bf,50_275,montages/ada9552009fd7444.png,artifacts/ada9552009fd7444.npz,2a981de5a389b450c899abbb099cfaec556e4a54ccf7fee4c69908ac5a5eef16,pending,,,
ae07bfc4f6e0a32e,3e72d4fc1c0440212c413147,27_49,montages/ae07bfc4f6e0a32e.png,artifacts/ae07bfc4f6e0a32e.npz,e45da5d263da3c0f4b5ba2db4761f9d5f34924c826847f8cad5b8c0cc406c376,pending,,,
aeb80ede3340b5db,2e28db46b24484b62591543f,gt_275,montages/aeb80ede3340b5db.png,artifacts/aeb80ede3340b5db.npz,fecf2c33c3ce38d2d5452816289fc98b5a81f14c78c82595eeac60eff5893e10,pending,,,
aee9391f3f10ca2a,be783dc3f73d007f693fdd30,50_275,montages/aee9391f3f10ca2a.png,artifacts/aee9391f3f10ca2a.npz,10aa00546497f75320b9aee20c1cbd297e7b96bf886dcb227a092c2695aaa041,pending,,,
b14537e2390732ae,6c5ba71b5e0700198ccf46fd,gt_275,montages/b14537e2390732ae.png,artifacts/b14537e2390732ae.npz,e59cf70eb7ba6fbc279f54d715cdecb1928af2611c15734b952f07fdc16a7d4c,pending,,,
b3c8a0d1c618fc66,6c5ba71b5e0700198ccf46fd,gt_275,montages/b3c8a0d1c618fc66.png,artifacts/b3c8a0d1c618fc66.npz,990716efd4c99d56c12df3ea79d02bdd4c14866a8eecc403ee573d197af4fe01,pending,,,
b42d0dc6ddebf830,b2a8c88f88dbb32b1e595b13,gt_275,montages/b42d0dc6ddebf830.png,artifacts/b42d0dc6ddebf830.npz,d3235b52d5da8dfed93b453bdb7a38b20dfe226a95eadcca7fb09d19148775de,pending,,,
b695c480b94cd377,baebda4cdca655d74dfe68b8,gt_275,montages/b695c480b94cd377.png,artifacts/b695c480b94cd377.npz,78d2c62f7072ad6964310986d77d1fc92ed0eeb072d6b9a16c0946bed056d867,pending,,,
b69b4b6a72a25639,237d438861e94e6156111c72,50_275,montages/b69b4b6a72a25639.png,artifacts/b69b4b6a72a25639.npz,e703a6cc5e2b379308889c40f053979deece8bb7124ebba7347c167abd653665,pending,,,
b98d0d3f2deafac1,a68f8e287729dedfb357d230,50_275,montages/b98d0d3f2deafac1.png,artifacts/b98d0d3f2deafac1.npz,f31e285a504d91dd9a29e8f7d546398aa94a12860f8f463221e73c90a448a3b0,pending,,,
bbb2642c90dd0f29,d832c7f6706c7dc7261158ad,27_49,montages/bbb2642c90dd0f29.png,artifacts/bbb2642c90dd0f29.npz,e18f09fee2c8dc65c7239c4f4743d60d01f1b3bb8f1bc691b878adf0a80efe74,pending,,,
bc873bb47363375d,3e72d4fc1c0440212c413147,27_49,montages/bc873bb47363375d.png,artifacts/bc873bb47363375d.npz,9e8d61caad467ddbd3257a5f276c6732fd43ab75e07331ce731874345b65f5dc,pending,,,
bd3fe36efefe245e,4bdea40949e4180bf4009ab5,gt_275,montages/bd3fe36efefe245e.png,artifacts/bd3fe36efefe245e.npz,9b01b546c5bb7c893c36144e30646de9141586a01067e2c68906f33d619ef0e7,pending,,,
c075267e7b71efd6,f2049c363a5b3855725a7d0c,27_49,montages/c075267e7b71efd6.png,artifacts/c075267e7b71efd6.npz,fc1280b5f3772200e847043a9036b97958d34f2e1161be995348c38ef53be64f,pending,,,
c0f01af4895414d1,a55356a67455e9d85f89e03b,gt_275,montages/c0f01af4895414d1.png,artifacts/c0f01af4895414d1.npz,5a8f69d4476ae8354e25f68e06d3b04a063057916a4554636a3d6f5d67ad7a4e,pending,,,
c1285a8f9e0bbc3c,d2bec275077bbc95343d58a3,50_275,montages/c1285a8f9e0bbc3c.png,artifacts/c1285a8f9e0bbc3c.npz,0a150b16cfb7aabe2de56a049987e4aceb9c58840c855e61af998c05e934fd15,pending,,,
c453319c37cdf1fa,13f971512b2789cb1b3321bf,50_275,montages/c453319c37cdf1fa.png,artifacts/c453319c37cdf1fa.npz,eb5cca7c9de309292fb4b7ed6a86dc1ee60aeec1f7b9da8b7c4c8600d1a74492,pending,,,
c5a59a042bee8394,4ee246846d15030d90ac2d6e,50_275,montages/c5a59a042bee8394.png,artifacts/c5a59a042bee8394.npz,4613f64b3297562013538460e9d32ed9fa90f18861b75e922d418072f912ccf9,pending,,,
c5c7355315b9c418,d0fad80fab7c250484b88251,gt_275,montages/c5c7355315b9c418.png,artifacts/c5c7355315b9c418.npz,489ef397b813153143f4c9c21083eaa630aca39dacb3ef93c1823575f0bd7eed,pending,,,
c5e134c1edd7a256,1fc5bd19901935cfb912bb45,50_275,montages/c5e134c1edd7a256.png,artifacts/c5e134c1edd7a256.npz,f414e28bb783ef5a4c3251844b2e6b15a26eef20d6e63d94a8e3f0fbd71ab32c,pending,,,
c5fb9cccc7a97b4e,40e7f588f85f3305a49452f2,gt_275,montages/c5fb9cccc7a97b4e.png,artifacts/c5fb9cccc7a97b4e.npz,07cda19ff3dc5dbab3aa238dc8586cd053af0fcb1adf21e905c6789e85451641,pending,,,
ca000fa73f3d1cae,8bfa3346f9a47cb52cc0004c,gt_275,montages/ca000fa73f3d1cae.png,artifacts/ca000fa73f3d1cae.npz,b990a7770325a0a40a162483e33dcf88c5ee0299b32d4c18ad1ef09d7755e942,pending,,,
cb314da59117e325,c3f9c9ace79ca933fcd4dd0f,27_49,montages/cb314da59117e325.png,artifacts/cb314da59117e325.npz,a2f8247ee32f69b624c96e22b1cee4cebbe91b81f5d5497164ca3465a7f4596f,pending,,,
cb9dd13404fe5d80,a0169259d59ec31c3dd7f67c,50_275,montages/cb9dd13404fe5d80.png,artifacts/cb9dd13404fe5d80.npz,2ed8b87f3a5fe75313dea491fa294024637e0422dae9a5d84eb1ec4e0913c721,pending,,,
cc8770feda468565,60373d8f78579c740fde01d2,27_49,montages/cc8770feda468565.png,artifacts/cc8770feda468565.npz,f6d56d9783561fcdcb90f2471eaaa18022c3bb39fd800ab290cb822f0ac12744,pending,,,
cd46f35e2bab39e1,ea9534b425f838b0c4e4032a,27_49,montages/cd46f35e2bab39e1.png,artifacts/cd46f35e2bab39e1.npz,ee64f9dca0da3f8b3d5276ab0d3bf4af2bf8ac6bd6c0e1598eb17d8a0692d255,pending,,,
cfa355c4c45d664a,65f81faf6e9f8549d6ebed8e,27_49,montages/cfa355c4c45d664a.png,artifacts/cfa355c4c45d664a.npz,045f903c2725a1412a6942976a96dc54c8b3e32f638c65a53d3452c6a63417b8,pending,,,
d125fb5ce4c9193c,0794bcd4db047f2c92cf79c6,50_275,montages/d125fb5ce4c9193c.png,artifacts/d125fb5ce4c9193c.npz,14d20dfddebc2d9eaae6e4893702b0465541becd70a474aded5bd121c2dc37fd,pending,,,
d17ada0ae8eb0b13,09234effdaedb71c3d791f0b,27_49,montages/d17ada0ae8eb0b13.png,artifacts/d17ada0ae8eb0b13.npz,6ae8b98f458efd500a8acd3e4f13d1ea84bfd710298357c1582adeadc6ea1874,pending,,,
d1fb53fdf3a59772,07a00910954efd2668057a07,gt_275,montages/d1fb53fdf3a59772.png,artifacts/d1fb53fdf3a59772.npz,94806aa026b68ac6099600372504171914fb91ea6d164de9461d8686cbfdff31,pending,,,
d31ffa592474144f,a2fe69a51f432024bbf94e3a,27_49,montages/d31ffa592474144f.png,artifacts/d31ffa592474144f.npz,206498036ea78f5e15baaf56aa1084ae8cadd9ab1d4d2d76f574d9d7300493b6,pending,,,
d531c5e71c8a0325,949d470637ca923991a57198,50_275,montages/d531c5e71c8a0325.png,artifacts/d531c5e71c8a0325.npz,1c8f6601129053760a7b9bd2f64d9c7b548a5d29998a5d6fcfedff36c88f1ee2,pending,,,
d53b6b9e10ca1f03,70f88f096ab4ca73709674c8,50_275,montages/d53b6b9e10ca1f03.png,artifacts/d53b6b9e10ca1f03.npz,dec982233f9f5a405a4be8566479bceb88f3c4a2c9414e7957b7eb20c902e591,pending,,,
d6ff1c45d84b0120,a68f8e287729dedfb357d230,50_275,montages/d6ff1c45d84b0120.png,artifacts/d6ff1c45d84b0120.npz,eeeea3a0a76947f1b395f36d060402309e3f47556cdfcdfc2ce86cb10ffb8d00,pending,,,
d74201c89468998b,70f88f096ab4ca73709674c8,50_275,montages/d74201c89468998b.png,artifacts/d74201c89468998b.npz,3b1d2f9fffb921143c0fd9a0666ddd75fcb4e0133ba5f3bba305c0d228928b68,pending,,,
d745dfbe1e3c4634,8e1ab8dc7ead78cee7d8c3c7,50_275,montages/d745dfbe1e3c4634.png,artifacts/d745dfbe1e3c4634.npz,358b0a7f301abf4aa40c919bb7c58e597950c3c23cf0ee12c863550f60eaab0e,pending,,,
d89ec0f970aca5fa,cf48e573ba3dcf754990c2d9,50_275,montages/d89ec0f970aca5fa.png,artifacts/d89ec0f970aca5fa.npz,9089fe290ef52d3957e0dbd360b4cfa0dd483d2ea428b87db1033d414cda8fdd,pending,,,
d9230f219c363e57,aaf52fd0e86e4fa64a76c5dd,50_275,montages/d9230f219c363e57.png,artifacts/d9230f219c363e57.npz,4db16c8a44b835144f1c20f81975128875cdb346faa04c182ce858409cd1387e,pending,,,
da0054ba5ba806f8,e285e4cec42fa61460c7c3d5,gt_275,montages/da0054ba5ba806f8.png,artifacts/da0054ba5ba806f8.npz,60238877759b5b028692be1b26940ca429c5e84dac29f9713eb66637466b3d00,pending,,,
da096fecac3e39f4,aaf52fd0e86e4fa64a76c5dd,50_275,montages/da096fecac3e39f4.png,artifacts/da096fecac3e39f4.npz,75f0609f9e1dbc441d8ec98b6e4cb4a5a187af50a4b496e75ff793eb651a8a94,pending,,,
daa21e222d4045b6,66e0d858be83fb4a0963a6ea,27_49,montages/daa21e222d4045b6.png,artifacts/daa21e222d4045b6.npz,885473502bdd92eafffdb981ad95ff237047117c467680382a2fe53ffa2172a2,pending,,,
daa859d80ec68de2,b2a8c88f88dbb32b1e595b13,gt_275,montages/daa859d80ec68de2.png,artifacts/daa859d80ec68de2.npz,3f39d21dfe323396376c85cb86a9a5409a5d19d49fa66881fae41f8e519ef081,pending,,,
daf148c53dca1633,1e595ee72419bd3a39dd8614,gt_275,montages/daf148c53dca1633.png,artifacts/daf148c53dca1633.npz,79d694937c129e93f07995b33658e5809f7dfe47be39174829818ffa91d81082,pending,,,
db2438215ce0fbfe,ea9534b425f838b0c4e4032a,27_49,montages/db2438215ce0fbfe.png,artifacts/db2438215ce0fbfe.npz,8dc6f1ce408ac30e4dd2d07e1e4297269e156b24356890e92806f3299ff3227e,pending,,,
dbda20bbf86d9125,70f88f096ab4ca73709674c8,50_275,montages/dbda20bbf86d9125.png,artifacts/dbda20bbf86d9125.npz,8cd40b4116774b56f1ea18976079cdcf47eb8032c76c7794639cac22424b6be7,pending,,,
de4ede38f67f191e,ac2e90e918ec875b2e0f6d9c,27_49,montages/de4ede38f67f191e.png,artifacts/de4ede38f67f191e.npz,ffb279d638a9a9ddcf5b9d060a1b8fff046f24e2ef127754c94a61ffac5e7a64,pending,,,
dee3cac3581cdf61,a0169259d59ec31c3dd7f67c,50_275,montages/dee3cac3581cdf61.png,artifacts/dee3cac3581cdf61.npz,01048cb40123ed14bc7c060ae970fe0fe84f05ef3d508b247e60bffa995fa0c9,pending,,,
df819cd6b1821576,c3f9c9ace79ca933fcd4dd0f,27_49,montages/df819cd6b1821576.png,artifacts/df819cd6b1821576.npz,a7553f0f9d3be798957b2604a867bd223cf15b3058e5da364a569b28ec9a1009,pending,,,
df8d5cbbdcdeaf61,bcd8f16557ab20fd7f2f6a3a,50_275,montages/df8d5cbbdcdeaf61.png,artifacts/df8d5cbbdcdeaf61.npz,3100ab5168c902ef45aaa7713579fd0a0cc6bf50a3c3914833b1661f200e65aa,pending,,,
dfabc79f63183782,09234effdaedb71c3d791f0b,27_49,montages/dfabc79f63183782.png,artifacts/dfabc79f63183782.npz,2edffd8cfcd983193c1452bd9a7c790d09e808e9cf39d8e4bdb229dc4157ce5d,pending,,,
e225d3712a1dbe27,d0fad80fab7c250484b88251,gt_275,montages/e225d3712a1dbe27.png,artifacts/e225d3712a1dbe27.npz,06f5bf5f93a3622de4648ef15e31a54aa829ec317445dda1d0969b43f8796226,pending,,,
e36d6b6320eb8e79,1fc5bd19901935cfb912bb45,50_275,montages/e36d6b6320eb8e79.png,artifacts/e36d6b6320eb8e79.npz,ad8f20ee144c29db35d00ebdf2ac93b4f5d81821222ba4e28ed14cc02cb99db3,pending,,,
e3ca9fe19519faf7,c3f9c9ace79ca933fcd4dd0f,27_49,montages/e3ca9fe19519faf7.png,artifacts/e3ca9fe19519faf7.npz,83cbc0a5d336615d2f920cddcefcf78d1fd6835c1b2e6765de44a7ab66c7bc7a,pending,,,
e8c41ac768045508,be783dc3f73d007f693fdd30,50_275,montages/e8c41ac768045508.png,artifacts/e8c41ac768045508.npz,17ee4d6fdca98dad62b5d8cc64aab6a7a7b9b5f4da08e2d86f0112ee5b32acf5,pending,,,
ec91871a901080cd,60373d8f78579c740fde01d2,27_49,montages/ec91871a901080cd.png,artifacts/ec91871a901080cd.npz,03a9da932e817da64dcafe43b35c35dca7748d78f1e5f343da39c1f2c52ad280,pending,,,
ee9e0d62a38dceda,09234effdaedb71c3d791f0b,27_49,montages/ee9e0d62a38dceda.png,artifacts/ee9e0d62a38dceda.npz,e96fc5813348f660529c750645b0d4747c83c5f0b370f71596cda5fb13fa3dff,pending,,,
f0a502a212d158e0,bcd8f16557ab20fd7f2f6a3a,50_275,montages/f0a502a212d158e0.png,artifacts/f0a502a212d158e0.npz,2769f01ea77e72bf64a3453fc929c279abe1aa60920f4ec9a317f63e218125ea,pending,,,
f0bbf18e52fc0c9a,13f971512b2789cb1b3321bf,50_275,montages/f0bbf18e52fc0c9a.png,artifacts/f0bbf18e52fc0c9a.npz,aa9b3e81fdce18b58ddb0326884ef7755db74641e968b2e1fa633ac5c0a35176,pending,,,
f1003bbd75aa04ed,e285e4cec42fa61460c7c3d5,gt_275,montages/f1003bbd75aa04ed.png,artifacts/f1003bbd75aa04ed.npz,55d644fb6c5c2dc8f65ac83d008a9898bd6cb599235a50b032d5cdad26ca8f35,pending,,,
f15fde517165543c,8bfa3346f9a47cb52cc0004c,gt_275,montages/f15fde517165543c.png,artifacts/f15fde517165543c.npz,9a3b59a967062919f5402a3b062c8c07bf19cee0cc7715f80019f49bd2dddfac,pending,,,
f1dab9cb58555bc6,e285e4cec42fa61460c7c3d5,gt_275,montages/f1dab9cb58555bc6.png,artifacts/f1dab9cb58555bc6.npz,f6328be32c5d2709e3682dadc325e69b37ce9d35c8588c8b181ded73e49a5c88,pending,,,
f25cb051e4aa9750,3e6e2db2fbfeec3b3363834c,gt_275,montages/f25cb051e4aa9750.png,artifacts/f25cb051e4aa9750.npz,3a522d56c89b83d3e3993e05cf526877ebed3544bffd012d44b48b6024070746,pending,,,
f7c3dd2ceb1d7e26,6c5ba71b5e0700198ccf46fd,gt_275,montages/f7c3dd2ceb1d7e26.png,artifacts/f7c3dd2ceb1d7e26.npz,c3fa98d7942b74dad2aaa42a5551bb11ff975380a3dc6191e84742ba315d1695,pending,,,
fc32f5e455bb8c88,80c0895595aff85f5d952210,gt_275,montages/fc32f5e455bb8c88.png,artifacts/fc32f5e455bb8c88.npz,df5a28e34aa5ac85a582cfb9d6624e084a79b28993ba04441fc645a61fffca9d,pending,,,
fdf716b5ca19ce1a,237d438861e94e6156111c72,50_275,montages/fdf716b5ca19ce1a.png,artifacts/fdf716b5ca19ce1a.npz,1a57fd85ed3a072f63bf8a2e09f3afaa212394f1c948c3f63a7d384e721c610c,pending,,,
ff4085ad59376111,be783dc3f73d007f693fdd30,50_275,montages/ff4085ad59376111.png,artifacts/ff4085ad59376111.npz,81fbf0a82eed1e92deac67cfa8bc8454e9ae47ff16a9137765bac3247c3bc10c,pending,,,
ffa5a90585e709b2,08bf1415eec661d21df7f652,27_49,montages/ffa5a90585e709b2.png,artifacts/ffa5a90585e709b2.npz,cdbfa2e9b696c631fc5a15cb59a06dc10fc09ccfc226484be32347de518aea08,pending,,,
ffdfa9c1db2242cd,c864da0b928c8e1f64645db2,27_49,montages/ffdfa9c1db2242cd.png,artifacts/ffdfa9c1db2242cd.npz,f1be6d9d9e975b1936bea28a495aca1dc2641b8f45c1102c76ede7987c002c3f,pending,,,
