source_case_id,modality,case_seed,support_voxels,tumour_voxels,support_voxel_count,support_mse,support_mae,support_psnr,support_ssim,support_contrast_reference,support_contrast_generated,support_contrast_abs_error,tumour_voxel_count,tumour_mse,tumour_mae,tumour_psnr,tumour_ssim,tumour_contrast_reference,tumour_contrast_generated,tumour_contrast_abs_error
BraTS-MET-00175-000,t1c,1632807304,71475,15324,71475,1.3168597209994701,0.7517975173283008,14.367629867323316,0.47295884132231536,0.001785787520930171,0.02145007997751236,0.01966429245658219,15324,0.7997367073621672,0.5957335875697255,16.53355470475959,0.7462203405459145,-0.07468435131886508,-0.05999836086994037,0.014685990448924713
BraTS-MET-00175-000,t1n,2027639569,71475,15324,71475,1.5715295378359981,0.9452574810985968,13.599799525128775,0.4864563533792581,-0.0037643699906766415,0.1986687332391739,0.20243310322985053,15324,0.8705409470415116,0.7564085810595583,16.165132972197995,0.7517076938097609,0.2768301257165149,0.5132437144056894,0.2364135886891745
BraTS-MET-00175-000,t2w,1714142870,71475,15324,71475,1.3241444898310752,0.8023814255717626,14.343671231314914,0.48169464126325756,0.00030946594779379666,0.16081503033638,0.1605055643885862,15324,1.4310206705644943,0.8752876518638111,14.00656593738984,0.747391870807418,0.7936752082314342,0.49937851168215275,0.2942966965492815
BraTS-MET-00175-000,t2f,734420174,71475,15324,71475,1.5292928450096328,0.9362567025571248,13.718118441358783,0.49847716509108314,-0.003569517284631729,0.4675787389278412,0.4711482562124729,15324,1.7384756759479987,1.0552660264050502,13.16133882179108,0.8105199727896657,0.858035191311501,1.7305262520094402,0.8724910606979392
BraTS-MET-00214-000,t1c,453174093,165695,22375,165695,1.5440538009834595,0.8439271825411144,13.676400719546427,0.8048109678888631,-0.0013145549455657601,0.08905933797359467,0.09037389291916043,22375,2.791234068150713,1.2200870898518088,11.105062435535263,0.9377626349375854,0.5413347770227119,0.224217114970088,0.3171176620526239
BraTS-MET-00214-000,t1n,253618374,165695,22375,165695,1.6205790458746399,0.9311819854756133,13.466322815978033,0.8056241463795294,-0.0013181044487282634,-0.09529392421245575,0.09397581976372749,22375,1.4227318534776237,0.9198312091717208,14.031794457487718,0.9347110749054268,0.015783445494889747,-0.3013629716588184,0.31714641715370817
BraTS-MET-00214-000,t2w,1639378726,165695,22375,165695,1.3175760861082997,0.8164513801357522,14.365267969412415,0.8111591138833041,-0.0023135030642151833,0.00814336072653532,0.010456863790750504,22375,1.7998682739073075,0.9817365068163681,13.010617790020657,0.9351443424249009,0.661663347738795,0.06259055396640179,0.5990727937723932
BraTS-MET-00214-000,t2f,1339101363,165695,22375,165695,1.365572823738951,0.8749208725192622,14.209876354679125,0.8026271776458599,-0.0016394946724176407,0.19803476333618164,0.19967425800859928,22375,1.577190987489467,0.9958354657105978,13.584182140391778,0.9363958656084087,0.8072360067162663,0.9206268304260448,0.11339082370977849
BraTS-MET-00532-000,t1c,986522942,47915,9663,47915,1.206140303508777,0.811819732184915,14.749046709934056,0.03210862628648666,-1.3375125718084746e-07,0.013292660005390644,0.013292793756647825,9663,1.1390232772605748,0.7249233943873711,14.997699012864974,0.40706820329596966,-0.26005835729301907,-0.028917366660607513,0.23114099063241156
BraTS-MET-00532-000,t1n,721713183,47915,9663,47915,1.2649673489248774,0.8938551624774406,14.542231850299647,0.06028354166705641,-1.3757272654402186e-07,0.20896176993846893,0.20896190751119548,9663,0.8205307595350743,0.7622176531395484,16.4220763451778,0.4241426985053061,-0.1950014622998424,0.20434008521260694,0.3993415475124493
BraTS-MET-00532-000,t2w,2055120425,47915,9663,47915,1.1901765898251109,0.8110031651110665,14.806910971085191,0.11717097152178126,-4.458375357785371e-08,0.018095772713422775,0.018095817297176353,9663,1.582264408908329,1.000500262768365,13.570234414951955,0.4644607663993363,0.8989525761571713,0.20289602389675565,0.6960565522604156
BraTS-MET-00532-000,t2f,1597065066,47915,9663,47915,1.2872018187227243,0.8877135793470882,14.466558560493057,0.07219480641845497,7.260782552975797e-08,0.40063565969467163,0.4006355870868461,9663,1.0326054994090152,0.817948167870931,15.42368067101765,0.6017063770040856,1.3215992528712377,1.1097897667204961,0.21180948615074158
BraTS-MET-00699-000,t1c,962271948,31080,5510,31080,1.5541423366870395,0.9412871478263279,13.648117094639458,0.08608824941684519,6.284186326865893e-08,0.27339062094688416,0.2733905581050209,5510,1.522335531247802,0.920997993069768,13.737921168547008,0.41132993008494545,0.5957614951184951,0.6274006361491047,0.03163914103060961
BraTS-MET-00699-000,t1n,793769623,31080,5510,31080,1.9156077855392892,1.073521738878545,12.739959073049022,0.05757555417552176,-2.9457121186737822e-08,0.17181548476219177,0.17181551421931296,5510,1.512237953219518,1.0075697692719199,13.76682367248092,0.36033096511135565,0.07910965622431831,-0.03767871961463243,0.11678837583895074
BraTS-MET-00699-000,t2w,326306774,31080,5510,31080,1.795241861441479,1.0314594327712006,13.021795341964147,0.07098766661246408,1.0211802248250024e-07,0.347634494304657,0.3476343921866345,5510,1.3712564830947698,0.9444478741306102,14.19183806900561,0.33158503406530204,0.6034763039788231,0.23098394158296287,0.37249236239586025
BraTS-MET-00699-000,t2f,1398199268,31080,5510,31080,1.722739025107009,1.040376003833857,13.200830088911388,0.1057485876181593,5.8914242373475645e-08,0.6866428852081299,0.6866428262938875,5510,1.0705271055934658,0.8432172469058469,15.267048327233416,0.6168065132701281,1.1769857632461935,1.5349443776067346,0.3579586143605411
BraTS-MET-00791-000,t1c,2052100218,57720,10568,57720,1.5442892203064738,0.8952843218401638,13.675738608424625,0.06720582091203134,-1.948324239720023e-07,0.10307247191667557,0.10307266674909954,10568,2.258271824241148,1.0865206678685115,12.025262847625498,0.4884711187963393,0.38275645379326306,0.19290332854143344,0.18985312525182962
BraTS-MET-00791-000,t1n,1802431085,57720,10568,57720,1.691449474438643,1.0014393986202654,13.280434713303823,0.07657330767896023,7.63335989972802e-08,0.03831828385591507,0.03831820752231607,10568,1.558868642855311,1.009068595178603,13.634929796044712,0.48878334698627046,0.5832504506688565,-0.27837159717455506,0.8616220478434116
BraTS-MET-00791-000,t2w,623753627,57720,10568,57720,1.3016621772032426,0.8275968336205405,14.418042151629166,0.08098376013608256,-2.0091267316502126e-08,0.029829073697328568,0.029829093788595884,10568,2.9063351929160173,1.2629414712608644,10.929567999453704,0.5083971311701472,1.0741000542184338,0.012351173543720506,1.0617488806747133
BraTS-MET-00791-000,t2f,1779200030,57720,10568,57720,1.1969618282852779,0.8324885920086478,14.782222000095002,0.08291619637201549,1.0997325716743944e-07,0.33619004487991333,0.33618993490665616,10568,1.1673957545290952,0.8216673257517113,14.890843911900449,0.6800611191848042,1.3491767261875793,0.9106066067470238,0.4385701194405556
BraTS-MET-01058-001,t1c,106624232,148225,30782,148225,1.6527544767130404,0.9291794775585038,13.380941585862969,0.05653394853146517,0.0515606552362442,-0.0475970134139061,0.0991576686501503,30782,2.7831014973358346,1.172070305344079,11.117734557954089,0.5217711054004789,0.42038340259023244,-0.2039104674140617,0.6242938700042941
BraTS-MET-01058-001,t1n,978452706,148225,30782,148225,1.8045654938919842,1.003789866568171,12.999298520444007,0.058532644719603136,0.07215050607919693,0.05366751179099083,0.0184829942882061,30782,2.9753799513135513,1.3438692929239553,10.827600684430173,0.5021248841585115,0.6430899044498801,-0.12712284330336843,0.7702127477532485
BraTS-MET-01058-001,t2w,2076070894,148225,30782,148225,1.3284913947089487,0.8315275869003059,14.329437551504773,0.07670120114874894,-0.010445257648825645,0.09762685745954514,0.10807211510837078,30782,1.7197932420253244,0.9608422333407494,13.208262627230516,0.5178320208153406,0.2285203909559641,0.5959267311809526,0.3674063402249885
BraTS-MET-01058-001,t2f,183713974,148225,30782,148225,1.2953492606236086,0.8414213897540996,14.439156192141132,0.10359414971815234,0.06479353457689285,0.4241928458213806,0.35939931124448776,30782,1.8163346043752981,1.0731479234933547,12.971066436703879,0.6231316501149747,0.9987850023899227,1.3490176388877444,0.35023263649782166
BraTS-MET-01105-001,t1c,1315637793,202395,21653,202395,1.5709379486020123,0.898408488468948,13.601434698405937,0.812973275771852,-0.03156412020325661,-0.03289920836687088,0.001335088163614273,21653,1.9606557368511954,1.1256633937631755,12.639011563147658,0.9550721916130184,-0.5690269319238723,-0.5876054529217072,0.018578520997834858
BraTS-MET-01105-001,t1n,27881229,202395,21653,202395,2.1602755169798042,1.0689256245341734,12.217933570823888,0.8151300001008334,-0.11778266727924347,0.14445026218891144,0.2622329294681549,21653,2.387403334734886,1.3051662420642849,11.783767046124968,0.953742401905126,-0.10753595258574933,0.9169623947236687,1.024498347309418
BraTS-MET-01105-001,t2w,794328401,202395,21653,202395,1.479172925330867,0.8558531963060274,13.862835518367056,0.8169395194616438,0.06446041911840439,0.09174875169992447,0.02728833258152008,21653,3.2630925169095097,1.3987164201142699,10.426731134600494,0.9587844391833562,1.4572111118613975,0.3873915385993314,1.0698195732620661
BraTS-MET-01105-001,t2f,730303723,202395,21653,202395,1.6444344692843897,0.9277581793475262,13.402859292394227,0.8161478703501867,0.0329638235270977,0.13141466677188873,0.09845084324479103,21653,1.6281006822942732,1.0008588540726335,13.446212424666895,0.9644432600957743,0.5671238699214882,0.6724404187261825,0.10531654880469432
BraTS-MET-01105-002,t1c,1493251654,133668,13962,133668,1.4906584261329308,0.859498846251436,13.82924361432524,0.8405219887295153,-5.99310538973441e-08,0.026744293048977852,0.02674435298003175,13962,1.9844204905507603,1.045917014227086,12.58668797981056,0.9621978499860608,-0.4947974918104592,-0.055335270255454816,0.43946222155500436
BraTS-MET-01105-002,t1n,1399668600,133668,13962,133668,1.8400970294198682,0.9500921759566289,12.914617765454707,0.8502008028454224,7.543322340097802e-07,-0.0003308413433842361,0.0003315956756182459,13962,1.1108964720717571,0.8506668524762498,15.10628913206213,0.9638534737540039,-0.044080432150167326,0.012832636165285294,0.05691306831545262
BraTS-MET-01105-002,t2w,725682634,133668,13962,133668,1.321517610801164,0.7873106856169433,14.352295457681121,0.8466178284035196,-1.2465659438021248e-07,0.03334477171301842,0.0333448963696128,13962,3.6317913154736297,1.450745945996947,9.96181614977174,0.9626418998540511,1.4524011086614337,0.25052502310154523,1.2018760855598885
BraTS-MET-01105-002,t2f,1012999283,133668,13962,133668,1.6116711043817922,0.8955026019444873,13.49026081242156,0.8428473247774325,2.0456467098028952e-07,0.11142125725746155,0.11142105269279057,13962,1.9573703180817636,1.0438498773891758,12.646295024547491,0.9685735484946955,0.7308687461627414,0.47373569430055795,0.2571330518621835
BraTS-MET-01119-001,t1c,231169235,302422,62127,302422,1.7555845668024979,0.9652007828191194,13.118807464241387,0.9390422355413592,-0.005154480691999197,0.08690155297517776,0.09205603366717696,62127,2.3473188244153462,1.092794310284484,11.857304191446447,0.9812906951898998,0.0868839243412367,0.3765373297028418,0.2896534053616051
BraTS-MET-01119-001,t1n,1297321442,302422,62127,302422,1.9279483940374382,1.0425302474268743,12.71207095933218,0.9411193744081655,0.0018546136561781168,-0.05938989296555519,0.06124450662173331,62127,1.3547702630715377,0.8923057177527208,14.244368453645757,0.9819998788887764,0.3451969577145064,-0.157479795794643,0.5026767535091494
BraTS-MET-01119-001,t2w,1997140433,302422,62127,302422,1.692397535618037,0.9721429725766676,13.278001165047845,0.9414676701312091,-0.004734007176011801,0.0640704333782196,0.0688044405542314,62127,1.373269579215542,0.9318570294571533,14.18546701131671,0.9810957798895429,0.4260499570227694,0.2364055141370045,0.18964444288576487
BraTS-MET-01119-001,t2f,997192916,302422,62127,302422,1.501633830756043,0.916517117758718,13.797384566939808,0.9415444408814356,0.005710661876946688,0.33846229314804077,0.3327516312710941,62127,0.7964100654983776,0.6991190302670901,16.55165760508376,0.9868219595630363,1.0364131903043017,0.9515277967730071,0.08488539353129454
BraTS-MET-01134-003,t1c,1234415487,1573,23,1573,2.1374885573082607,0.8647540068378468,12.26398702284589,0.08232066715932902,8.245372384863003e-08,-0.1721339076757431,0.17213399012946695,23,0.47273852302639086,0.5593255374722345,18.81681506765411,0.5386095898491996,-0.1511271484168617,-0.5571809952343756,0.4060538468175139
BraTS-MET-01134-003,t1n,248654651,1573,23,1573,1.7240562554607,0.900890447954046,13.197510681431181,0.10297225887035123,1.2610568944637635e-07,0.3153745234012604,0.31537439729557093,23,1.0468345547599935,0.8561346236130466,15.364244510200159,0.13763122792754853,-0.3714347098861026,0.4109949641824642,0.7824296740685668
BraTS-MET-01134-003,t2w,1244038823,1573,23,1573,1.080113046326981,0.7450757375862452,15.228332889593032,0.20626503605193436,-1.8915854127499188e-07,-0.22914524376392365,0.22914505460538237,23,3.9423157017710877,1.872873300443525,9.605511010046953,0.0061762804398313165,1.6733051654327937,-0.19952951314553502,1.8728346785783287
BraTS-MET-01134-003,t2f,699812919,1573,23,1573,1.7203341217531434,0.8962521514480213,13.206896973821433,0.15893478425832241,-1.2610568944637635e-07,0.713320255279541,0.7133203813852305,23,0.218647069359959,0.3898304927608241,22.165588401215267,0.8383214133126395,0.6177052179492648,0.9815762128273491,0.3638709948780843
BraTS-MET-01172-004,t1c,701066572,53020,4226,53020,1.4897173388660565,0.850079679443549,13.831986282047719,0.8578920036029692,7.367502519173286e-08,0.08597288280725479,0.0859728091322296,4226,1.3048998330241615,0.840691863209913,14.407253252113676,0.9666129464726708,-0.44531568238016916,-0.024096319917589426,0.42121936246257974
BraTS-MET-01172-004,t1n,587775557,53020,4226,53020,2.0079716799524494,1.0659326389098653,12.535449174572095,0.8613246076133003,-2.417461928416742e-07,-0.010538697242736816,0.010538455496543975,4226,0.7442552078027765,0.6533352494911839,16.845806185340532,0.9684473000617219,0.07368264550314052,0.05833987836740562,0.015342767135734903
BraTS-MET-01172-004,t2w,1092617236,53020,4226,53020,1.2359086155076897,0.8250215537519806,14.643161410565497,0.8606528306017984,-1.9569929676777065e-08,0.1518985480070114,0.1518985675769411,4226,0.7656489189574185,0.6843829560036903,16.72272827102796,0.9771445224174174,0.7584848999686074,0.5689841583662201,0.18950074160238728
BraTS-MET-01172-004,t2f,14875205,53020,4226,53020,1.7205594341815496,0.9629046433776742,13.206328214905124,0.8583328568347203,9.66984714523278e-08,-0.11351916193962097,0.11351925863809242,4226,2.5736249040404657,1.217418766135714,11.45757250341892,0.9663689428634011,0.5355932847451186,-0.4080225275538396,0.9436158122989582
BraTS-MET-01180-000,t1c,2058509759,47970,8036,47970,1.530840667071155,0.9298381702172976,13.713725099467268,0.049886668521760595,1.0178887954737093e-08,-0.07717601954936981,0.07717602972825777,8036,1.931828304687168,1.0359279207470151,12.703339758102006,0.41622633807021686,-0.12085037852739333,-0.16027881905029062,0.03942844052289729
BraTS-MET-01180-000,t1n,1773770279,47970,8036,47970,1.7373053062521755,0.974254715443148,13.164263546464444,0.07167625272495126,-4.071555181894837e-08,-0.0454656146466732,0.045465573931121384,8036,2.2549841218097733,1.1009178074140433,12.031590125731197,0.5122898116506157,0.48118757155316416,-0.431779879181704,0.9129674507348682
BraTS-MET-01180-000,t2w,1442395624,47970,8036,47970,1.3304083144012036,0.8415555704879396,14.323175504192642,0.1268310253891092,-1.0560596308550885e-07,0.107292540371418,0.10729264597738108,8036,2.717796071590476,1.251587689913153,11.220856342080413,0.515327518133116,1.2368719284422696,0.6154082773864502,0.6214636510558194
BraTS-MET-01180-000,t2f,1837999806,47970,8036,47970,1.3429570455996525,0.910683597447054,14.282403787593154,0.07395639435195116,2.137566497140142e-07,0.17545709013938904,0.17545687638273932,8036,2.7552237311708168,1.3392950135958936,11.161456303316513,0.5572084142500081,1.6668132842169143,0.6756439087766921,0.9911693754402222
BraTS-MET-01181-001,t1c,1998772618,565779,104617,565779,1.6578506395975237,0.8997491007372453,13.367570995955658,0.6600434377751272,0.0458257794380188,0.07543430477380753,0.029608525335788727,104617,2.60987670770241,1.1112899543658408,11.39682509302278,0.8940621967621463,-0.4016308020800352,0.13039613037835807,0.5320269324583933
BraTS-MET-01181-001,t1n,2136822945,565779,104617,565779,1.6210721136108808,0.9712471994573194,13.46500165840635,0.6661640024368338,0.09449174255132675,0.04595615714788437,0.04853558540344238,104617,2.039346477659351,1.1142323796954101,12.468114836441767,0.8947952614512233,0.03555605374276638,0.32335728147882037,0.287801227736054
BraTS-MET-01181-001,t2w,324627711,565779,104617,565779,1.3221688663652817,0.8564565393558045,14.350155743263626,0.672528284119131,-0.02585688605904579,0.1085781678557396,0.13443505391478539,104617,1.658624886856543,1.0157890787283421,13.36554323295456,0.8981898876725692,0.895198829472065,0.637264845208847,0.257933984263218
BraTS-MET-01181-001,t2f,1199335416,565779,104617,565779,1.8095152937176424,0.9096656905310295,12.98740242723947,0.6815664255048298,-0.03860893100500107,0.38449573516845703,0.4231046661734581,104617,5.139188119414896,1.5957501091601534,8.454079854894864,0.9171859501312968,1.132158316206187,2.1869974523142446,1.0548391361080576
BraTS-MET-01191-003,t1c,725161600,237276,34805,237276,1.5000623835310911,0.8835973512769828,13.801931802049738,0.0428135606858653,-0.05192909389734268,0.09993809461593628,0.15186718851327896,34805,2.8655018416311635,1.130645228791891,10.991018088564381,0.6540204251321954,0.2863466537964996,0.7155204420214432,0.42917378822494356
BraTS-MET-01191-003,t1n,2050031924,237276,34805,237276,1.547902469896628,0.9553404936836902,13.66558907547088,0.06113965780446563,0.035426586866378784,0.00938613060861826,0.026040456257760525,34805,1.1646888618469449,0.8316468724366538,14.900925785213717,0.617337769497551,0.2480426212518978,0.045562199312371376,0.20248042193952642
BraTS-MET-01191-003,t2w,2076507503,237276,34805,237276,1.7165731950801684,0.960561990625269,13.216401741930037,0.06746450443672136,0.07445365190505981,0.09246804565191269,0.018014393746852875,34805,1.825719909072279,1.0126889370428822,12.948683492966357,0.6168159202053626,0.47054883351302124,0.4635971850948408,0.006951648418180412
BraTS-MET-01191-003,t2f,1489698928,237276,34805,237276,1.7124856182149346,0.9855030985593393,13.226755678764714,0.09396289200619119,-0.01736587844789028,0.3967728316783905,0.4141387101262808,34805,1.5924965946502003,0.9545431720528679,13.542239884419766,0.7558629784526716,0.9558340163202956,1.6838674077298492,0.7280333914095536
BraTS-MET-01250-001,t1c,1773308418,1573,32,1573,1.5007989923139717,0.9572815344858683,13.799799713318638,0.0905815200644565,-8.730394540634734e-08,0.149434432387352,0.1494345196912974,32,1.245404013780706,0.874699987936765,14.609922397030854,0.31895998439618517,0.2501986726330756,0.5629076146014995,0.3127089419684239
BraTS-MET-01250-001,t1n,1119041996,1573,32,1573,1.7743741466035023,1.05083259352868,13.072572997739897,0.09838077348298242,9.700437786364091e-09,-0.03683677315711975,0.03683678285755754,32,0.1806421339634181,0.34878576966002584,22.99483445744283,0.7072494370596749,0.08359074965768798,0.24342809238783047,0.1598373427301425
BraTS-MET-01250-001,t2w,1442586512,1573,32,1573,3.5675343883062713,1.552825546494197,10.039343326933775,0.20712820581501523,-1.9400875572728182e-08,1.3260685205459595,1.326068539946835,32,2.469249988292586,1.5152675108984113,11.637374403857583,0.038469490029716065,-0.033363957595955895,1.4818098636969808,1.5151738212929367
BraTS-MET-01250-001,t2f,960650618,1573,32,1573,1.4866872834580371,0.9006091398426029,13.840828741089046,0.22947957161897067,9.215415985863729e-08,0.5136648416519165,0.5136647494977566,32,0.7942042508052183,0.7640278341423254,16.563702935666083,0.23588884515421732,0.03518230426280056,0.5144994058064185,0.47931710154361795
BraTS-MET-01268-002,t1c,942701247,350350,46913,350350,1.7716302515675852,0.9400369191487652,13.079294132724819,0.03395670900229672,-0.00015411904314532876,0.06856861710548401,0.06872273614862934,46913,3.2406616427183184,1.3293230186256149,10.4566881202802,0.6839064424538654,0.3773612716322532,0.3473366013204213,0.03002467031183187
BraTS-MET-01268-002,t1n,1927472896,350350,46913,350350,2.0506581229534584,1.101418284645739,12.444092381028229,0.04617785904171003,-0.0073617142625153065,-0.016413625329732895,0.009051911067217588,46913,1.9107897760690884,1.0695836027448624,12.7508959189925,0.6844299338396023,0.023577112868224503,-0.23827596360933967,0.2618530764775642
BraTS-MET-01268-002,t2w,902570082,350350,46913,350350,1.7123182599548172,1.0028081595048741,13.227180127997507,0.03887959396786728,0.0015767327276989818,0.032017823308706284,0.030441090581007302,46913,1.6604138656750573,1.0035269727964884,13.360861493678266,0.6746603073806313,0.28310589605825953,0.2828387883728283,0.00026710768543125596
BraTS-MET-01268-002,t2f,39308437,350350,46913,350350,1.7687145636408728,0.973422091990792,13.086447489416893,0.07622760866617369,-0.035410962998867035,0.21912692487239838,0.2545378878712654,46913,2.627018162410161,1.245851641812552,11.368394253899554,0.7610046319843874,0.9188151261769235,1.6287164686841606,0.7099013425072371
BraTS-MET-01270-002,t1c,958236830,154266,23627,154266,1.5997607381134082,0.9509599943627942,13.522474667908263,0.9535192993854559,4.431266376059284e-08,0.042784884572029114,0.04278484025936535,23627,1.7315423625359136,0.9554268534923669,13.17869379649043,0.9888598358569017,0.099906033516163,0.011505947273690253,0.08840008624247275
BraTS-MET-01270-002,t1n,326422504,154266,23627,154266,1.9040088805132835,1.0498393994930537,12.766335311154066,0.9554217536656151,-3.560839161309559e-07,-0.058489374816417694,0.05848901873250156,23627,1.5059754151889897,0.9271198049234713,13.784846186336217,0.9890702436407328,0.17081536968180444,-0.2557130415661959,0.42652841124800034
BraTS-MET-01270-002,t2w,738752808,154266,23627,154266,1.3438492075715922,0.8696826673240213,14.279519612114104,0.9545520283878394,1.3689448508102942e-07,-0.04548226669430733,0.04548240358879241,23627,1.7623350543663638,0.9971613870196077,13.1021402096526,0.988678076994364,0.48290932024247013,-0.15656769378256286,0.639477014025033
BraTS-MET-01270-002,t2f,396846666,154266,23627,154266,1.5283650761700693,0.9523596519938824,13.720753954619298,0.9536328168655798,1.503465369978585e-07,0.14200884103775024,0.14200869069121325,23627,1.8565535641057254,1.0494565260725952,12.875950170354557,0.9906239885478789,1.2652799376519397,0.6491779845673591,0.6161019530845806
BraTS-MET-01284-002,t1c,88253706,152928,16769,152928,1.810084108763796,1.0189455647075265,12.986037451669896,0.942975265588513,1.197331158664383e-07,0.09149745851755142,0.09149733878443556,16769,2.337714189370119,1.1309104836414132,11.875110878537772,0.9873353216142438,0.35751065718068276,0.3310846808599308,0.026425976320751943
BraTS-MET-01284-002,t1n,1538340074,152928,16769,152928,1.7406190865808004,0.9921701199312403,13.155987593430886,0.9450447072936197,3.192883113456446e-08,-0.050008486956357956,0.05000851888518909,16769,1.2188149167060776,0.867686381508629,14.703647399856905,0.9884352641245034,0.378577527764719,-0.04703514291031752,0.4256126706750365
BraTS-MET-01284-002,t2w,2017887791,152928,16769,152928,1.5900740144936893,0.9469857482356168,13.54885160510949,0.9450645942691013,-3.0831280639631586e-08,0.16580548882484436,0.165805519656125,16769,1.2133054170737054,0.8405632700892446,14.723323641595858,0.9882005130332463,0.5012003216834273,0.2894165803445503,0.211783741338877
BraTS-MET-01284-002,t2f,438463589,152928,16769,152928,1.4941610020400882,0.9251165328113685,13.819051037362062,0.9450466896585044,1.7560857656917506e-08,0.2323773205280304,0.23237730296717274,16769,1.0153414249693289,0.7768695865314182,15.49690395417793,0.9914377702909303,1.0221357271366287,0.8875028712209314,0.1346328559156973
BraTS-MET-01287-002,t1c,1758775176,90748,12977,90748,1.4306700453042895,0.8476608983786449,14.007630165719203,0.4026772766737999,0.0020857087802141905,-0.07488246262073517,0.07696817140094936,12977,1.3097519964441018,0.8853044175121153,14.391134316553234,0.7726366458381565,-0.4066592669405509,-0.4098414645923185,0.0031821976517676376
BraTS-MET-01287-002,t1n,459836567,90748,12977,90748,1.7519095722531077,1.0568810696162299,13.127908151937987,0.3929121890717394,0.0057555609382689,0.17085930705070496,0.16510374611243606,12977,3.1115933750301745,1.513264687304931,10.633196626163672,0.767108807218368,-0.8007597050745972,0.49786727005266584,1.298626975127263
BraTS-MET-01287-002,t2w,1499850052,90748,12977,90748,1.4942456473731243,0.8954725583283555,13.818805013273785,0.42080417150951244,-0.0033133195247501135,0.20387002825737,0.2071833477821201,12977,2.1708957662272232,1.1524245766065004,12.196635291042464,0.7843516598718518,0.8157260689185932,0.4610469458857551,0.3546791230328381
BraTS-MET-01287-002,t2f,1897110560,90748,12977,90748,1.7794211738870738,1.019370346562475,13.060237466989136,0.38856153826119255,-0.00026584762963466346,0.0067966291680932045,0.007062476797727868,12977,2.3788504328371523,1.2009351551137721,11.799353635788963,0.7976187009338883,0.9236604020697996,-0.045132098985050106,0.9687925010548497
BraTS-MET-01351-002,t1c,513995149,527329,41943,527329,1.6728666520336428,0.9371344838256724,13.328411770159267,0.9389109650335615,0.010568322613835335,0.023320553824305534,0.0127522312104702,41943,2.9231045312461506,1.2078376531873802,10.90458154608733,0.9886493605314952,0.49130705086281523,0.2820150805150661,0.20929197034774916
BraTS-MET-01351-002,t1n,2134836742,527329,41943,527329,1.7457018251153078,0.9971522455913335,13.14332434803064,0.9430848271000358,-0.02509060874581337,0.04583035036921501,0.07092095911502838,41943,1.1447669231651614,0.817830904195654,14.975854283160384,0.9901693911731162,0.24965712582343258,0.04996778744680341,0.19968933837662917
BraTS-MET-01351-002,t2w,906046274,527329,41943,527329,1.571853094614723,0.9423980888454278,13.598905463281971,0.9409008982296937,0.0005973402294330299,0.06656035035848618,0.06596301012905315,41943,1.2159295467527806,0.8540781167520665,14.713940889415246,0.9897727233978031,0.46156935834733304,0.1722627067938447,0.28930665155348834
BraTS-MET-01351-002,t2f,526511282,527329,41943,527329,1.6116977488498314,0.9652617293261939,13.490189014585383,0.9412580804475048,-0.0045426408760249615,0.18982842564582825,0.1943710665218532,41943,0.97251065438688,0.7541910783793202,15.684081328095589,0.9917808994480751,0.9638220186461695,0.7125814231694676,0.25124059547670186
