synthetic_raw_id,approved_for_training,approved_for_evaluation,reviewer,reason,cleared_review_reasons
BraTS-MET-00554-000,true,false,G2_technical_visual_review_2026-07-18,technical_qc_pass+risk_stratified_batch_review+operator_override_acknowledged+downstream_ablation_required,""
BraTS-MET-00555-000,true,false,G2_technical_visual_review_2026-07-18,technical_qc_pass+risk_stratified_batch_review+operator_override_acknowledged+downstream_ablation_required,""
BraTS-MET-00556-000,true,false,G2_technical_visual_review_2026-07-18,technical_qc_pass+risk_stratified_batch_review+operator_override_acknowledged+downstream_ablation_required,""
BraTS-MET-00558-000,false,true,G2_technical_visual_review_2026-07-18,technical_qc_pass+risk_stratified_visual_review_pass+operator_override_acknowledged+downstream_ablation_required,z_discontinuity
BraTS-MET-00559-000,false,true,G2_technical_visual_review_2026-07-18,technical_qc_pass+risk_stratified_batch_review+operator_override_acknowledged+downstream_ablation_required,""
BraTS-MET-00559-001,false,true,G2_technical_visual_review_2026-07-18,technical_qc_pass+risk_stratified_batch_review+operator_override_acknowledged+downstream_ablation_required,""
BraTS-MET-00559-003,false,true,G2_technical_visual_review_2026-07-18,technical_qc_pass+risk_stratified_batch_review+operator_override_acknowledged+downstream_ablation_required,""
BraTS-MET-00559-004,false,true,G2_technical_visual_review_2026-07-18,technical_qc_pass+risk_stratified_batch_review+operator_override_acknowledged+downstream_ablation_required,""
BraTS-MET-00560-000,true,false,G2_technical_visual_review_2026-07-18,technical_qc_pass+risk_stratified_batch_review+operator_override_acknowledged+downstream_ablation_required,""
BraTS-MET-00561-000,true,false,G2_technical_visual_review_2026-07-18,technical_qc_pass+risk_stratified_batch_review+operator_override_acknowledged+downstream_ablation_required,""
BraTS-MET-00561-001,true,false,G2_technical_visual_review_2026-07-18,technical_qc_pass+risk_stratified_batch_review+operator_override_acknowledged+downstream_ablation_required,""
BraTS-MET-00561-002,true,false,G2_technical_visual_review_2026-07-18,technical_qc_pass+risk_stratified_batch_review+operator_override_acknowledged+downstream_ablation_required,""
BraTS-MET-00562-000,true,false,G2_technical_visual_review_2026-07-18,technical_qc_pass+risk_stratified_batch_review+operator_override_acknowledged+downstream_ablation_required,""
BraTS-MET-00563-000,true,false,G2_technical_visual_review_2026-07-18,technical_qc_pass+risk_stratified_batch_review+operator_override_acknowledged+downstream_ablation_required,""
BraTS-MET-00564-000,true,false,G2_technical_visual_review_2026-07-18,technical_qc_pass+risk_stratified_visual_review_pass+operator_override_acknowledged+downstream_ablation_required,tiny_ratio_high
BraTS-MET-00565-000,true,false,G2_technical_visual_review_2026-07-18,technical_qc_pass+risk_stratified_batch_review+operator_override_acknowledged+downstream_ablation_required,""
BraTS-MET-00566-000,false,true,G2_technical_visual_review_2026-07-18,technical_qc_pass+risk_stratified_batch_review+operator_override_acknowledged+downstream_ablation_required,""
BraTS-MET-00567-000,true,false,G2_technical_visual_review_2026-07-18,technical_qc_pass+risk_stratified_visual_review_pass+operator_override_acknowledged+downstream_ablation_required,tiny_ratio_high
BraTS-MET-00568-000,true,false,G2_technical_visual_review_2026-07-18,technical_qc_pass+risk_stratified_batch_review+operator_override_acknowledged+downstream_ablation_required,""
BraTS-MET-00568-001,true,false,G2_technical_visual_review_2026-07-18,technical_qc_pass+risk_stratified_batch_review+operator_override_acknowledged+downstream_ablation_required,""
BraTS-MET-00569-000,true,false,G2_technical_visual_review_2026-07-18,technical_qc_pass+risk_stratified_batch_review+operator_override_acknowledged+downstream_ablation_required,""
BraTS-MET-00569-001,true,false,G2_technical_visual_review_2026-07-18,technical_qc_pass+risk_stratified_batch_review+operator_override_acknowledged+downstream_ablation_required,""
BraTS-MET-00570-000,true,false,G2_technical_visual_review_2026-07-18,technical_qc_pass+risk_stratified_batch_review+operator_override_acknowledged+downstream_ablation_required,""
BraTS-MET-00571-000,true,false,G2_technical_visual_review_2026-07-18,technical_qc_pass+risk_stratified_batch_review+operator_override_acknowledged+downstream_ablation_required,""
BraTS-MET-00573-000,true,false,G2_technical_visual_review_2026-07-18,technical_qc_pass+risk_stratified_batch_review+operator_override_acknowledged+downstream_ablation_required,""
BraTS-MET-00574-000,true,false,G2_technical_visual_review_2026-07-18,technical_qc_pass+risk_stratified_batch_review+operator_override_acknowledged+downstream_ablation_required,""
BraTS-MET-00575-000,true,false,G2_technical_visual_review_2026-07-18,technical_qc_pass+risk_stratified_batch_review+operator_override_acknowledged+downstream_ablation_required,""
BraTS-MET-00576-000,false,true,G2_technical_visual_review_2026-07-18,technical_qc_pass+risk_stratified_visual_review_pass+operator_override_acknowledged+downstream_ablation_required,tiny_ratio_high
BraTS-MET-00577-000,false,true,G2_technical_visual_review_2026-07-18,technical_qc_pass+risk_stratified_batch_review+operator_override_acknowledged+downstream_ablation_required,""
BraTS-MET-00577-002,false,true,G2_technical_visual_review_2026-07-18,technical_qc_pass+risk_stratified_batch_review+operator_override_acknowledged+downstream_ablation_required,""
BraTS-MET-00578-000,true,false,G2_technical_visual_review_2026-07-18,technical_qc_pass+risk_stratified_batch_review+operator_override_acknowledged+downstream_ablation_required,""
BraTS-MET-00579-000,true,false,G2_technical_visual_review_2026-07-18,technical_qc_pass+risk_stratified_visual_review_pass+operator_override_acknowledged+downstream_ablation_required,tiny_ratio_high
BraTS-MET-00580-001,true,false,G2_technical_visual_review_2026-07-18,technical_qc_pass+risk_stratified_batch_review+operator_override_acknowledged+downstream_ablation_required,""
BraTS-MET-00580-002,true,false,G2_technical_visual_review_2026-07-18,technical_qc_pass+risk_stratified_batch_review+operator_override_acknowledged+downstream_ablation_required,""
BraTS-MET-00582-000,true,false,G2_technical_visual_review_2026-07-18,technical_qc_pass+risk_stratified_batch_review+operator_override_acknowledged+downstream_ablation_required,""
BraTS-MET-00584-000,true,false,G2_technical_visual_review_2026-07-18,technical_qc_pass+risk_stratified_batch_review+operator_override_acknowledged+downstream_ablation_required,""
BraTS-MET-00585-000,false,true,G2_technical_visual_review_2026-07-18,technical_qc_pass+risk_stratified_batch_review+operator_override_acknowledged+downstream_ablation_required,""
BraTS-MET-00586-000,false,true,G2_technical_visual_review_2026-07-18,technical_qc_pass+risk_stratified_batch_review+operator_override_acknowledged+downstream_ablation_required,""
BraTS-MET-00587-000,false,true,G2_technical_visual_review_2026-07-18,technical_qc_pass+risk_stratified_batch_review+operator_override_acknowledged+downstream_ablation_required,""
BraTS-MET-00588-001,true,false,G2_technical_visual_review_2026-07-18,technical_qc_pass+risk_stratified_batch_review+operator_override_acknowledged+downstream_ablation_required,""
BraTS-MET-00589-000,true,false,G2_technical_visual_review_2026-07-18,technical_qc_pass+risk_stratified_batch_review+operator_override_acknowledged+downstream_ablation_required,""
BraTS-MET-00591-000,true,false,G2_technical_visual_review_2026-07-18,technical_qc_pass+risk_stratified_batch_review+operator_override_acknowledged+downstream_ablation_required,""
BraTS-MET-00591-001,true,false,G2_technical_visual_review_2026-07-18,technical_qc_pass+risk_stratified_batch_review+operator_override_acknowledged+downstream_ablation_required,""
BraTS-MET-00593-000,false,true,G2_technical_visual_review_2026-07-18,technical_qc_pass+risk_stratified_batch_review+operator_override_acknowledged+downstream_ablation_required,""
BraTS-MET-00593-001,false,true,G2_technical_visual_review_2026-07-18,technical_qc_pass+risk_stratified_batch_review+operator_override_acknowledged+downstream_ablation_required,""
BraTS-MET-00594-000,true,false,G2_technical_visual_review_2026-07-18,technical_qc_pass+risk_stratified_batch_review+operator_override_acknowledged+downstream_ablation_required,""
BraTS-MET-00594-001,true,false,G2_technical_visual_review_2026-07-18,technical_qc_pass+risk_stratified_visual_review_pass+operator_override_acknowledged+downstream_ablation_required,tiny_ratio_high
BraTS-MET-00595-001,true,false,G2_technical_visual_review_2026-07-18,technical_qc_pass+risk_stratified_batch_review+operator_override_acknowledged+downstream_ablation_required,""
BraTS-MET-00595-002,true,false,G2_technical_visual_review_2026-07-18,technical_qc_pass+risk_stratified_batch_review+operator_override_acknowledged+downstream_ablation_required,""
BraTS-MET-00595-003,true,false,G2_technical_visual_review_2026-07-18,technical_qc_pass+risk_stratified_batch_review+operator_override_acknowledged+downstream_ablation_required,""
BraTS-MET-00596-000,true,false,G2_technical_visual_review_2026-07-18,technical_qc_pass+risk_stratified_visual_review_pass+operator_override_acknowledged+downstream_ablation_required,tiny_ratio_high
BraTS-MET-00596-001,true,false,G2_technical_visual_review_2026-07-18,technical_qc_pass+risk_stratified_batch_review+operator_override_acknowledged+downstream_ablation_required,""
BraTS-MET-00597-000,true,false,G2_technical_visual_review_2026-07-18,technical_qc_pass+risk_stratified_batch_review+operator_override_acknowledged+downstream_ablation_required,""
BraTS-MET-00598-000,true,false,G2_technical_visual_review_2026-07-18,technical_qc_pass+risk_stratified_batch_review+operator_override_acknowledged+downstream_ablation_required,""
BraTS-MET-00598-001,true,false,G2_technical_visual_review_2026-07-18,technical_qc_pass+risk_stratified_batch_review+operator_override_acknowledged+downstream_ablation_required,""
BraTS-MET-00599-000,true,false,G2_technical_visual_review_2026-07-18,technical_qc_pass+risk_stratified_batch_review+operator_override_acknowledged+downstream_ablation_required,""
BraTS-MET-00599-001,true,false,G2_technical_visual_review_2026-07-18,technical_qc_pass+risk_stratified_visual_review_pass+operator_override_acknowledged+downstream_ablation_required,tiny_ratio_high
BraTS-MET-00599-002,true,false,G2_technical_visual_review_2026-07-18,technical_qc_pass+risk_stratified_batch_review+operator_override_acknowledged+downstream_ablation_required,""
BraTS-MET-00599-003,true,false,G2_technical_visual_review_2026-07-18,technical_qc_pass+risk_stratified_batch_review+operator_override_acknowledged+downstream_ablation_required,""
BraTS-MET-00600-000,true,false,G2_technical_visual_review_2026-07-18,technical_qc_pass+risk_stratified_batch_review+operator_override_acknowledged+downstream_ablation_required,""
BraTS-MET-00601-000,false,true,G2_technical_visual_review_2026-07-18,technical_qc_pass+risk_stratified_batch_review+operator_override_acknowledged+downstream_ablation_required,""
BraTS-MET-00601-001,false,true,G2_technical_visual_review_2026-07-18,technical_qc_pass+risk_stratified_batch_review+operator_override_acknowledged+downstream_ablation_required,""
BraTS-MET-00601-002,false,true,G2_technical_visual_review_2026-07-18,technical_qc_pass+risk_stratified_visual_review_pass+operator_override_acknowledged+downstream_ablation_required,tiny_ratio_high
BraTS-MET-00602-000,true,false,G2_technical_visual_review_2026-07-18,technical_qc_pass+risk_stratified_batch_review+operator_override_acknowledged+downstream_ablation_required,""
BraTS-MET-00602-001,true,false,G2_technical_visual_review_2026-07-18,technical_qc_pass+risk_stratified_batch_review+operator_override_acknowledged+downstream_ablation_required,""
BraTS-MET-00603-000,true,false,G2_technical_visual_review_2026-07-18,technical_qc_pass+risk_stratified_batch_review+operator_override_acknowledged+downstream_ablation_required,""
BraTS-MET-00604-000,true,false,G2_technical_visual_review_2026-07-18,technical_qc_pass+risk_stratified_batch_review+operator_override_acknowledged+downstream_ablation_required,""
BraTS-MET-00605-000,true,false,G2_technical_visual_review_2026-07-18,technical_qc_pass+risk_stratified_batch_review+operator_override_acknowledged+downstream_ablation_required,""
BraTS-MET-00606-000,false,true,G2_technical_visual_review_2026-07-18,technical_qc_pass+risk_stratified_batch_review+operator_override_acknowledged+downstream_ablation_required,""
BraTS-MET-00607-000,true,false,G2_technical_visual_review_2026-07-18,technical_qc_pass+risk_stratified_batch_review+operator_override_acknowledged+downstream_ablation_required,""
BraTS-MET-00608-000,true,false,G2_technical_visual_review_2026-07-18,technical_qc_pass+risk_stratified_batch_review+operator_override_acknowledged+downstream_ablation_required,""
BraTS-MET-00609-000,true,false,G2_technical_visual_review_2026-07-18,technical_qc_pass+risk_stratified_batch_review+operator_override_acknowledged+downstream_ablation_required,""
BraTS-MET-00610-000,true,false,G2_technical_visual_review_2026-07-18,technical_qc_pass+risk_stratified_batch_review+operator_override_acknowledged+downstream_ablation_required,""
BraTS-MET-00611-000,true,false,G2_technical_visual_review_2026-07-18,technical_qc_pass+risk_stratified_batch_review+operator_override_acknowledged+downstream_ablation_required,""
BraTS-MET-00612-000,false,true,G2_technical_visual_review_2026-07-18,technical_qc_pass+risk_stratified_batch_review+operator_override_acknowledged+downstream_ablation_required,""
BraTS-MET-00614-000,true,false,G2_technical_visual_review_2026-07-18,technical_qc_pass+risk_stratified_batch_review+operator_override_acknowledged+downstream_ablation_required,""
BraTS-MET-00615-000,true,false,G2_technical_visual_review_2026-07-18,technical_qc_pass+risk_stratified_batch_review+operator_override_acknowledged+downstream_ablation_required,""
BraTS-MET-00616-000,false,true,G2_technical_visual_review_2026-07-18,technical_qc_pass+risk_stratified_batch_review+operator_override_acknowledged+downstream_ablation_required,""
BraTS-MET-00617-000,false,true,G2_technical_visual_review_2026-07-18,technical_qc_pass+risk_stratified_batch_review+operator_override_acknowledged+downstream_ablation_required,""
BraTS-MET-00619-000,true,false,G2_technical_visual_review_2026-07-18,technical_qc_pass+risk_stratified_batch_review+operator_override_acknowledged+downstream_ablation_required,""
BraTS-MET-00621-000,false,true,G2_technical_visual_review_2026-07-18,technical_qc_pass+risk_stratified_batch_review+operator_override_acknowledged+downstream_ablation_required,""
BraTS-MET-00622-000,true,false,G2_technical_visual_review_2026-07-18,technical_qc_pass+risk_stratified_batch_review+operator_override_acknowledged+downstream_ablation_required,""
BraTS-MET-00623-001,true,false,G2_technical_visual_review_2026-07-18,technical_qc_pass+risk_stratified_batch_review+operator_override_acknowledged+downstream_ablation_required,""
BraTS-MET-00624-000,true,false,G2_technical_visual_review_2026-07-18,technical_qc_pass+risk_stratified_batch_review+operator_override_acknowledged+downstream_ablation_required,""
BraTS-MET-00626-000,true,false,G2_technical_visual_review_2026-07-18,technical_qc_pass+risk_stratified_batch_review+operator_override_acknowledged+downstream_ablation_required,""
BraTS-MET-00626-001,true,false,G2_technical_visual_review_2026-07-18,technical_qc_pass+risk_stratified_batch_review+operator_override_acknowledged+downstream_ablation_required,""
BraTS-MET-00627-000,true,false,G2_technical_visual_review_2026-07-18,technical_qc_pass+risk_stratified_batch_review+operator_override_acknowledged+downstream_ablation_required,""
BraTS-MET-00629-000,false,true,G2_technical_visual_review_2026-07-18,technical_qc_pass+risk_stratified_batch_review+operator_override_acknowledged+downstream_ablation_required,""
BraTS-MET-00629-001,false,true,G2_technical_visual_review_2026-07-18,technical_qc_pass+risk_stratified_batch_review+operator_override_acknowledged+downstream_ablation_required,""
BraTS-MET-00630-000,true,false,G2_technical_visual_review_2026-07-18,technical_qc_pass+risk_stratified_batch_review+operator_override_acknowledged+downstream_ablation_required,""
BraTS-MET-00630-001,true,false,G2_technical_visual_review_2026-07-18,technical_qc_pass+risk_stratified_batch_review+operator_override_acknowledged+downstream_ablation_required,""
BraTS-MET-00630-002,true,false,G2_technical_visual_review_2026-07-18,technical_qc_pass+risk_stratified_batch_review+operator_override_acknowledged+downstream_ablation_required,""
BraTS-MET-00631-000,true,false,G2_technical_visual_review_2026-07-18,technical_qc_pass+risk_stratified_batch_review+operator_override_acknowledged+downstream_ablation_required,""
BraTS-MET-00633-000,true,false,G2_technical_visual_review_2026-07-18,technical_qc_pass+risk_stratified_batch_review+operator_override_acknowledged+downstream_ablation_required,""
BraTS-MET-00634-000,true,false,G2_technical_visual_review_2026-07-18,technical_qc_pass+risk_stratified_batch_review+operator_override_acknowledged+downstream_ablation_required,""
BraTS-MET-00635-000,true,false,G2_technical_visual_review_2026-07-18,technical_qc_pass+risk_stratified_batch_review+operator_override_acknowledged+downstream_ablation_required,""
BraTS-MET-00635-001,true,false,G2_technical_visual_review_2026-07-18,technical_qc_pass+risk_stratified_batch_review+operator_override_acknowledged+downstream_ablation_required,""
BraTS-MET-00636-000,false,true,G2_technical_visual_review_2026-07-18,technical_qc_pass+risk_stratified_batch_review+operator_override_acknowledged+downstream_ablation_required,""
BraTS-MET-00636-001,false,true,G2_technical_visual_review_2026-07-18,technical_qc_pass+risk_stratified_batch_review+operator_override_acknowledged+downstream_ablation_required,""
BraTS-MET-00637-000,true,false,G2_technical_visual_review_2026-07-18,technical_qc_pass+risk_stratified_batch_review+operator_override_acknowledged+downstream_ablation_required,""
BraTS-MET-00638-000,true,false,G2_technical_visual_review_2026-07-18,technical_qc_pass+risk_stratified_visual_review_pass+operator_override_acknowledged+downstream_ablation_required,tiny_ratio_high
BraTS-MET-00638-001,true,false,G2_technical_visual_review_2026-07-18,technical_qc_pass+risk_stratified_visual_review_pass+operator_override_acknowledged+downstream_ablation_required,tiny_ratio_high
BraTS-MET-00639-000,true,false,G2_technical_visual_review_2026-07-18,technical_qc_pass+risk_stratified_batch_review+operator_override_acknowledged+downstream_ablation_required,""
BraTS-MET-00639-001,true,false,G2_technical_visual_review_2026-07-18,technical_qc_pass+risk_stratified_visual_review_pass+operator_override_acknowledged+downstream_ablation_required,tiny_ratio_high
BraTS-MET-00639-002,true,false,G2_technical_visual_review_2026-07-18,technical_qc_pass+risk_stratified_visual_review_pass+operator_override_acknowledged+downstream_ablation_required,tiny_ratio_high
BraTS-MET-00639-003,true,false,G2_technical_visual_review_2026-07-18,technical_qc_pass+risk_stratified_visual_review_pass+operator_override_acknowledged+downstream_ablation_required,tiny_ratio_high
BraTS-MET-00640-000,true,false,G2_technical_visual_review_2026-07-18,technical_qc_pass+risk_stratified_batch_review+operator_override_acknowledged+downstream_ablation_required,""
BraTS-MET-00641-001,true,false,G2_technical_visual_review_2026-07-18,technical_qc_pass+risk_stratified_batch_review+operator_override_acknowledged+downstream_ablation_required,""
BraTS-MET-00641-002,true,false,G2_technical_visual_review_2026-07-18,technical_qc_pass+risk_stratified_batch_review+operator_override_acknowledged+downstream_ablation_required,""
BraTS-MET-00642-000,true,false,G2_technical_visual_review_2026-07-18,technical_qc_pass+risk_stratified_batch_review+operator_override_acknowledged+downstream_ablation_required,""
BraTS-MET-00643-000,true,false,G2_technical_visual_review_2026-07-18,technical_qc_pass+risk_stratified_batch_review+operator_override_acknowledged+downstream_ablation_required,""
BraTS-MET-00644-000,true,false,G2_technical_visual_review_2026-07-18,technical_qc_pass+risk_stratified_batch_review+operator_override_acknowledged+downstream_ablation_required,""
BraTS-MET-00644-001,true,false,G2_technical_visual_review_2026-07-18,technical_qc_pass+risk_stratified_batch_review+operator_override_acknowledged+downstream_ablation_required,""
BraTS-MET-00645-000,true,false,G2_technical_visual_review_2026-07-18,technical_qc_pass+risk_stratified_visual_review_pass+operator_override_acknowledged+downstream_ablation_required,tiny_ratio_high
BraTS-MET-00646-000,true,false,G2_technical_visual_review_2026-07-18,technical_qc_pass+risk_stratified_batch_review+operator_override_acknowledged+downstream_ablation_required,""
BraTS-MET-00647-001,true,false,G2_technical_visual_review_2026-07-18,technical_qc_pass+risk_stratified_batch_review+operator_override_acknowledged+downstream_ablation_required,""
BraTS-MET-00648-000,true,false,G2_technical_visual_review_2026-07-18,technical_qc_pass+risk_stratified_visual_review_pass+operator_override_acknowledged+downstream_ablation_required,tiny_ratio_high
BraTS-MET-00648-001,true,false,G2_technical_visual_review_2026-07-18,technical_qc_pass+risk_stratified_visual_review_pass+operator_override_acknowledged+downstream_ablation_required,tiny_ratio_high
BraTS-MET-00650-000,true,false,G2_technical_visual_review_2026-07-18,technical_qc_pass+risk_stratified_batch_review+operator_override_acknowledged+downstream_ablation_required,""
BraTS-MET-00653-003,true,false,G2_technical_visual_review_2026-07-18,technical_qc_pass+risk_stratified_batch_review+operator_override_acknowledged+downstream_ablation_required,""
BraTS-MET-00653-004,true,false,G2_technical_visual_review_2026-07-18,technical_qc_pass+risk_stratified_visual_review_pass+operator_override_acknowledged+downstream_ablation_required,tiny_ratio_high
BraTS-MET-00653-005,true,false,G2_technical_visual_review_2026-07-18,technical_qc_pass+risk_stratified_batch_review+operator_override_acknowledged+downstream_ablation_required,""
BraTS-MET-00653-006,true,false,G2_technical_visual_review_2026-07-18,technical_qc_pass+risk_stratified_visual_review_pass+operator_override_acknowledged+downstream_ablation_required,tiny_ratio_high
BraTS-MET-00654-000,false,true,G2_technical_visual_review_2026-07-18,technical_qc_pass+risk_stratified_batch_review+operator_override_acknowledged+downstream_ablation_required,""
BraTS-MET-00654-001,false,true,G2_technical_visual_review_2026-07-18,technical_qc_pass+risk_stratified_visual_review_pass+operator_override_acknowledged+downstream_ablation_required,tiny_ratio_high
BraTS-MET-00655-000,true,false,G2_technical_visual_review_2026-07-18,technical_qc_pass+risk_stratified_batch_review+operator_override_acknowledged+downstream_ablation_required,""
BraTS-MET-00656-000,true,false,G2_technical_visual_review_2026-07-18,technical_qc_pass+risk_stratified_batch_review+operator_override_acknowledged+downstream_ablation_required,""
BraTS-MET-00656-001,true,false,G2_technical_visual_review_2026-07-18,technical_qc_pass+risk_stratified_batch_review+operator_override_acknowledged+downstream_ablation_required,""
BraTS-MET-00657-000,true,false,G2_technical_visual_review_2026-07-18,technical_qc_pass+risk_stratified_batch_review+operator_override_acknowledged+downstream_ablation_required,""
BraTS-MET-00658-000,true,false,G2_technical_visual_review_2026-07-18,technical_qc_pass+risk_stratified_batch_review+operator_override_acknowledged+downstream_ablation_required,""
BraTS-MET-00658-001,true,false,G2_technical_visual_review_2026-07-18,technical_qc_pass+risk_stratified_batch_review+operator_override_acknowledged+downstream_ablation_required,""
BraTS-MET-00658-002,true,false,G2_technical_visual_review_2026-07-18,technical_qc_pass+risk_stratified_visual_review_pass+operator_override_acknowledged+downstream_ablation_required,tiny_ratio_high
BraTS-MET-00659-000,true,false,G2_technical_visual_review_2026-07-18,technical_qc_pass+risk_stratified_batch_review+operator_override_acknowledged+downstream_ablation_required,""
BraTS-MET-00660-000,true,false,G2_technical_visual_review_2026-07-18,technical_qc_pass+risk_stratified_batch_review+operator_override_acknowledged+downstream_ablation_required,""
BraTS-MET-00661-000,true,false,G2_technical_visual_review_2026-07-18,technical_qc_pass+risk_stratified_batch_review+operator_override_acknowledged+downstream_ablation_required,""
BraTS-MET-00663-001,false,true,G2_technical_visual_review_2026-07-18,technical_qc_pass+risk_stratified_batch_review+operator_override_acknowledged+downstream_ablation_required,""
BraTS-MET-00663-002,false,true,G2_technical_visual_review_2026-07-18,technical_qc_pass+risk_stratified_batch_review+operator_override_acknowledged+downstream_ablation_required,""
BraTS-MET-00663-003,false,true,G2_technical_visual_review_2026-07-18,technical_qc_pass+risk_stratified_batch_review+operator_override_acknowledged+downstream_ablation_required,""
BraTS-MET-00663-004,false,true,G2_technical_visual_review_2026-07-18,technical_qc_pass+risk_stratified_batch_review+operator_override_acknowledged+downstream_ablation_required,""
BraTS-MET-00664-000,true,false,G2_technical_visual_review_2026-07-18,technical_qc_pass+risk_stratified_visual_review_pass+operator_override_acknowledged+downstream_ablation_required,tiny_ratio_high
BraTS-MET-00664-001,true,false,G2_technical_visual_review_2026-07-18,technical_qc_pass+risk_stratified_visual_review_pass+operator_override_acknowledged+downstream_ablation_required,tiny_ratio_high
BraTS-MET-00665-000,true,false,G2_technical_visual_review_2026-07-18,technical_qc_pass+risk_stratified_visual_review_pass+operator_override_acknowledged+downstream_ablation_required,tiny_ratio_high
BraTS-MET-00666-000,true,false,G2_technical_visual_review_2026-07-18,technical_qc_pass+risk_stratified_batch_review+operator_override_acknowledged+downstream_ablation_required,""
BraTS-MET-00667-000,true,false,G2_technical_visual_review_2026-07-18,technical_qc_pass+risk_stratified_batch_review+operator_override_acknowledged+downstream_ablation_required,""
BraTS-MET-00668-000,true,false,G2_technical_visual_review_2026-07-18,technical_qc_pass+risk_stratified_batch_review+operator_override_acknowledged+downstream_ablation_required,""
BraTS-MET-00669-000,true,false,G2_technical_visual_review_2026-07-18,technical_qc_pass+risk_stratified_batch_review+operator_override_acknowledged+downstream_ablation_required,""
BraTS-MET-00670-000,true,false,G2_technical_visual_review_2026-07-18,technical_qc_pass+risk_stratified_batch_review+operator_override_acknowledged+downstream_ablation_required,""
BraTS-MET-00671-000,false,true,G2_technical_visual_review_2026-07-18,technical_qc_pass+risk_stratified_batch_review+operator_override_acknowledged+downstream_ablation_required,""
BraTS-MET-00672-000,true,false,G2_technical_visual_review_2026-07-18,technical_qc_pass+risk_stratified_batch_review+operator_override_acknowledged+downstream_ablation_required,""
BraTS-MET-00673-000,false,true,G2_technical_visual_review_2026-07-18,technical_qc_pass+risk_stratified_batch_review+operator_override_acknowledged+downstream_ablation_required,""
BraTS-MET-00674-000,false,true,G2_technical_visual_review_2026-07-18,technical_qc_pass+risk_stratified_batch_review+operator_override_acknowledged+downstream_ablation_required,""
BraTS-MET-00675-000,true,false,G2_technical_visual_review_2026-07-18,technical_qc_pass+risk_stratified_batch_review+operator_override_acknowledged+downstream_ablation_required,""
BraTS-MET-00676-000,true,false,G2_technical_visual_review_2026-07-18,technical_qc_pass+risk_stratified_batch_review+operator_override_acknowledged+downstream_ablation_required,""
BraTS-MET-00677-000,true,false,G2_technical_visual_review_2026-07-18,technical_qc_pass+risk_stratified_batch_review+operator_override_acknowledged+downstream_ablation_required,""
BraTS-MET-00678-000,true,false,G2_technical_visual_review_2026-07-18,technical_qc_pass+risk_stratified_batch_review+operator_override_acknowledged+downstream_ablation_required,""
BraTS-MET-00679-000,false,true,G2_technical_visual_review_2026-07-18,technical_qc_pass+risk_stratified_batch_review+operator_override_acknowledged+downstream_ablation_required,""
BraTS-MET-00680-000,true,false,G2_technical_visual_review_2026-07-18,technical_qc_pass+risk_stratified_batch_review+operator_override_acknowledged+downstream_ablation_required,""
BraTS-MET-00681-000,true,false,G2_technical_visual_review_2026-07-18,technical_qc_pass+risk_stratified_visual_review_pass+operator_override_acknowledged+downstream_ablation_required,tiny_ratio_high
BraTS-MET-00682-001,false,true,G2_technical_visual_review_2026-07-18,technical_qc_pass+risk_stratified_batch_review+operator_override_acknowledged+downstream_ablation_required,""
BraTS-MET-00683-000,false,true,G2_technical_visual_review_2026-07-18,technical_qc_pass+risk_stratified_batch_review+operator_override_acknowledged+downstream_ablation_required,""
BraTS-MET-00684-000,true,false,G2_technical_visual_review_2026-07-18,technical_qc_pass+risk_stratified_batch_review+operator_override_acknowledged+downstream_ablation_required,""
BraTS-MET-00684-001,true,false,G2_technical_visual_review_2026-07-18,technical_qc_pass+risk_stratified_batch_review+operator_override_acknowledged+downstream_ablation_required,""
BraTS-MET-00686-000,true,false,G2_technical_visual_review_2026-07-18,technical_qc_pass+risk_stratified_batch_review+operator_override_acknowledged+downstream_ablation_required,""
BraTS-MET-00687-000,true,false,G2_technical_visual_review_2026-07-18,technical_qc_pass+risk_stratified_batch_review+operator_override_acknowledged+downstream_ablation_required,""
BraTS-MET-00688-000,true,false,G2_technical_visual_review_2026-07-18,technical_qc_pass+risk_stratified_batch_review+operator_override_acknowledged+downstream_ablation_required,""
BraTS-MET-00689-000,true,false,G2_technical_visual_review_2026-07-18,technical_qc_pass+risk_stratified_batch_review+operator_override_acknowledged+downstream_ablation_required,""
BraTS-MET-00689-001,true,false,G2_technical_visual_review_2026-07-18,technical_qc_pass+risk_stratified_visual_review_pass+operator_override_acknowledged+downstream_ablation_required,tiny_ratio_high
BraTS-MET-00690-000,true,false,G2_technical_visual_review_2026-07-18,technical_qc_pass+risk_stratified_batch_review+operator_override_acknowledged+downstream_ablation_required,""
BraTS-MET-00691-000,true,false,G2_technical_visual_review_2026-07-18,technical_qc_pass+risk_stratified_batch_review+operator_override_acknowledged+downstream_ablation_required,""
BraTS-MET-00691-001,true,false,G2_technical_visual_review_2026-07-18,technical_qc_pass+risk_stratified_batch_review+operator_override_acknowledged+downstream_ablation_required,""
BraTS-MET-00692-000,true,false,G2_technical_visual_review_2026-07-18,technical_qc_pass+risk_stratified_batch_review+operator_override_acknowledged+downstream_ablation_required,""
BraTS-MET-00694-001,true,false,G2_technical_visual_review_2026-07-18,technical_qc_pass+risk_stratified_batch_review+operator_override_acknowledged+downstream_ablation_required,""
BraTS-MET-00694-002,true,false,G2_technical_visual_review_2026-07-18,technical_qc_pass+risk_stratified_batch_review+operator_override_acknowledged+downstream_ablation_required,""
BraTS-MET-00695-001,true,false,G2_technical_visual_review_2026-07-18,technical_qc_pass+risk_stratified_batch_review+operator_override_acknowledged+downstream_ablation_required,""
BraTS-MET-00696-000,true,false,G2_technical_visual_review_2026-07-18,technical_qc_pass+risk_stratified_visual_review_pass+operator_override_acknowledged+downstream_ablation_required,tiny_ratio_high
BraTS-MET-00697-000,true,false,G2_technical_visual_review_2026-07-18,technical_qc_pass+risk_stratified_batch_review+operator_override_acknowledged+downstream_ablation_required,""
BraTS-MET-00698-000,false,true,G2_technical_visual_review_2026-07-18,technical_qc_pass+risk_stratified_batch_review+operator_override_acknowledged+downstream_ablation_required,""
BraTS-MET-00700-000,true,false,G2_technical_visual_review_2026-07-18,technical_qc_pass+risk_stratified_visual_review_pass+operator_override_acknowledged+downstream_ablation_required,tiny_ratio_high
BraTS-MET-00700-001,true,false,G2_technical_visual_review_2026-07-18,technical_qc_pass+risk_stratified_batch_review+operator_override_acknowledged+downstream_ablation_required,""
BraTS-MET-00700-002,true,false,G2_technical_visual_review_2026-07-18,technical_qc_pass+risk_stratified_visual_review_pass+operator_override_acknowledged+downstream_ablation_required,tiny_ratio_high
BraTS-MET-00701-000,true,false,G2_technical_visual_review_2026-07-18,technical_qc_pass+risk_stratified_batch_review+operator_override_acknowledged+downstream_ablation_required,""
BraTS-MET-00702-000,true,false,G2_technical_visual_review_2026-07-18,technical_qc_pass+risk_stratified_batch_review+operator_override_acknowledged+downstream_ablation_required,""
BraTS-MET-00702-001,true,false,G2_technical_visual_review_2026-07-18,technical_qc_pass+risk_stratified_batch_review+operator_override_acknowledged+downstream_ablation_required,""
BraTS-MET-00703-001,true,false,G2_technical_visual_review_2026-07-18,technical_qc_pass+risk_stratified_batch_review+operator_override_acknowledged+downstream_ablation_required,""
BraTS-MET-00704-000,false,true,G2_technical_visual_review_2026-07-18,technical_qc_pass+risk_stratified_visual_review_pass+operator_override_acknowledged+downstream_ablation_required,tiny_ratio_high
BraTS-MET-00707-000,true,false,G2_technical_visual_review_2026-07-18,technical_qc_pass+risk_stratified_batch_review+operator_override_acknowledged+downstream_ablation_required,""
BraTS-MET-00708-000,true,false,G2_technical_visual_review_2026-07-18,technical_qc_pass+risk_stratified_batch_review+operator_override_acknowledged+downstream_ablation_required,""
BraTS-MET-00708-001,true,false,G2_technical_visual_review_2026-07-18,technical_qc_pass+risk_stratified_batch_review+operator_override_acknowledged+downstream_ablation_required,""
BraTS-MET-00709-001,false,true,G2_technical_visual_review_2026-07-18,technical_qc_pass+risk_stratified_batch_review+operator_override_acknowledged+downstream_ablation_required,""
BraTS-MET-00710-000,true,false,G2_technical_visual_review_2026-07-18,technical_qc_pass+risk_stratified_batch_review+operator_override_acknowledged+downstream_ablation_required,""
BraTS-MET-00711-000,true,false,G2_technical_visual_review_2026-07-18,technical_qc_pass+risk_stratified_batch_review+operator_override_acknowledged+downstream_ablation_required,""
BraTS-MET-00711-001,true,false,G2_technical_visual_review_2026-07-18,technical_qc_pass+risk_stratified_batch_review+operator_override_acknowledged+downstream_ablation_required,""
BraTS-MET-00712-000,true,false,G2_technical_visual_review_2026-07-18,technical_qc_pass+risk_stratified_batch_review+operator_override_acknowledged+downstream_ablation_required,""
BraTS-MET-00712-001,true,false,G2_technical_visual_review_2026-07-18,technical_qc_pass+risk_stratified_batch_review+operator_override_acknowledged+downstream_ablation_required,""
BraTS-MET-00713-000,true,false,G2_technical_visual_review_2026-07-18,technical_qc_pass+risk_stratified_visual_review_pass+operator_override_acknowledged+downstream_ablation_required,tiny_ratio_high;z_discontinuity
BraTS-MET-00714-000,true,false,G2_technical_visual_review_2026-07-18,technical_qc_pass+risk_stratified_batch_review+operator_override_acknowledged+downstream_ablation_required,""
BraTS-MET-00714-001,true,false,G2_technical_visual_review_2026-07-18,technical_qc_pass+risk_stratified_batch_review+operator_override_acknowledged+downstream_ablation_required,""
BraTS-MET-00716-000,true,false,G2_technical_visual_review_2026-07-18,technical_qc_pass+risk_stratified_batch_review+operator_override_acknowledged+downstream_ablation_required,""
BraTS-MET-00717-000,true,false,G2_technical_visual_review_2026-07-18,technical_qc_pass+risk_stratified_batch_review+operator_override_acknowledged+downstream_ablation_required,""
BraTS-MET-00719-000,true,false,G2_technical_visual_review_2026-07-18,technical_qc_pass+risk_stratified_batch_review+operator_override_acknowledged+downstream_ablation_required,""
BraTS-MET-00721-000,false,true,G2_technical_visual_review_2026-07-18,technical_qc_pass+risk_stratified_batch_review+operator_override_acknowledged+downstream_ablation_required,""
BraTS-MET-00721-001,false,true,G2_technical_visual_review_2026-07-18,technical_qc_pass+risk_stratified_batch_review+operator_override_acknowledged+downstream_ablation_required,""
BraTS-MET-00722-000,true,false,G2_technical_visual_review_2026-07-18,technical_qc_pass+risk_stratified_visual_review_pass+operator_override_acknowledged+downstream_ablation_required,tiny_ratio_high
BraTS-MET-00723-000,true,false,G2_technical_visual_review_2026-07-18,technical_qc_pass+risk_stratified_visual_review_pass+operator_override_acknowledged+downstream_ablation_required,tiny_ratio_high
BraTS-MET-00723-001,true,false,G2_technical_visual_review_2026-07-18,technical_qc_pass+risk_stratified_visual_review_pass+operator_override_acknowledged+downstream_ablation_required,tiny_ratio_high
BraTS-MET-00723-002,true,false,G2_technical_visual_review_2026-07-18,technical_qc_pass+risk_stratified_visual_review_pass+operator_override_acknowledged+downstream_ablation_required,tiny_ratio_high
BraTS-MET-00725-000,true,false,G2_technical_visual_review_2026-07-18,technical_qc_pass+risk_stratified_batch_review+operator_override_acknowledged+downstream_ablation_required,""
BraTS-MET-00726-000,false,true,G2_technical_visual_review_2026-07-18,technical_qc_pass+risk_stratified_batch_review+operator_override_acknowledged+downstream_ablation_required,""
BraTS-MET-00727-000,true,false,G2_technical_visual_review_2026-07-18,technical_qc_pass+risk_stratified_batch_review+operator_override_acknowledged+downstream_ablation_required,""
BraTS-MET-00728-000,false,true,G2_technical_visual_review_2026-07-18,technical_qc_pass+risk_stratified_batch_review+operator_override_acknowledged+downstream_ablation_required,""
BraTS-MET-00730-000,true,false,G2_technical_visual_review_2026-07-18,technical_qc_pass+risk_stratified_batch_review+operator_override_acknowledged+downstream_ablation_required,""
BraTS-MET-00730-001,true,false,G2_technical_visual_review_2026-07-18,technical_qc_pass+risk_stratified_visual_review_pass+operator_override_acknowledged+downstream_ablation_required,tiny_ratio_high
BraTS-MET-00732-000,false,true,G2_technical_visual_review_2026-07-18,technical_qc_pass+risk_stratified_batch_review+operator_override_acknowledged+downstream_ablation_required,""
BraTS-MET-00732-001,false,true,G2_technical_visual_review_2026-07-18,technical_qc_pass+risk_stratified_batch_review+operator_override_acknowledged+downstream_ablation_required,""
BraTS-MET-00733-000,false,true,G2_technical_visual_review_2026-07-18,technical_qc_pass+risk_stratified_batch_review+operator_override_acknowledged+downstream_ablation_required,""
BraTS-MET-00734-000,true,false,G2_technical_visual_review_2026-07-18,technical_qc_pass+risk_stratified_batch_review+operator_override_acknowledged+downstream_ablation_required,""
BraTS-MET-00737-000,false,true,G2_technical_visual_review_2026-07-18,technical_qc_pass+risk_stratified_visual_review_pass+operator_override_acknowledged+downstream_ablation_required,tiny_ratio_high
BraTS-MET-00738-000,true,false,G2_technical_visual_review_2026-07-18,technical_qc_pass+risk_stratified_batch_review+operator_override_acknowledged+downstream_ablation_required,""
BraTS-MET-00738-001,true,false,G2_technical_visual_review_2026-07-18,technical_qc_pass+risk_stratified_batch_review+operator_override_acknowledged+downstream_ablation_required,""
BraTS-MET-00739-000,true,false,G2_technical_visual_review_2026-07-18,technical_qc_pass+risk_stratified_batch_review+operator_override_acknowledged+downstream_ablation_required,""
BraTS-MET-00739-001,true,false,G2_technical_visual_review_2026-07-18,technical_qc_pass+risk_stratified_batch_review+operator_override_acknowledged+downstream_ablation_required,""
BraTS-MET-00740-000,true,false,G2_technical_visual_review_2026-07-18,technical_qc_pass+risk_stratified_batch_review+operator_override_acknowledged+downstream_ablation_required,""
BraTS-MET-00740-001,true,false,G2_technical_visual_review_2026-07-18,technical_qc_pass+risk_stratified_batch_review+operator_override_acknowledged+downstream_ablation_required,""
BraTS-MET-00740-002,true,false,G2_technical_visual_review_2026-07-18,technical_qc_pass+risk_stratified_visual_review_pass+operator_override_acknowledged+downstream_ablation_required,tiny_ratio_high
BraTS-MET-00741-000,true,false,G2_technical_visual_review_2026-07-18,technical_qc_pass+risk_stratified_visual_review_pass+operator_override_acknowledged+downstream_ablation_required,tiny_ratio_high
BraTS-MET-00742-000,true,false,G2_technical_visual_review_2026-07-18,technical_qc_pass+risk_stratified_visual_review_pass+operator_override_acknowledged+downstream_ablation_required,tiny_ratio_high
BraTS-MET-00743-000,false,true,G2_technical_visual_review_2026-07-18,technical_qc_pass+risk_stratified_batch_review+operator_override_acknowledged+downstream_ablation_required,""
BraTS-MET-00744-000,true,false,G2_technical_visual_review_2026-07-18,technical_qc_pass+risk_stratified_batch_review+operator_override_acknowledged+downstream_ablation_required,""
BraTS-MET-00745-000,true,false,G2_technical_visual_review_2026-07-18,technical_qc_pass+risk_stratified_visual_review_pass+operator_override_acknowledged+downstream_ablation_required,tiny_ratio_high
BraTS-MET-00745-001,true,false,G2_technical_visual_review_2026-07-18,technical_qc_pass+risk_stratified_visual_review_pass+operator_override_acknowledged+downstream_ablation_required,tiny_ratio_high
BraTS-MET-00746-000,true,false,G2_technical_visual_review_2026-07-18,technical_qc_pass+risk_stratified_batch_review+operator_override_acknowledged+downstream_ablation_required,""
BraTS-MET-00747-000,true,false,G2_technical_visual_review_2026-07-18,technical_qc_pass+risk_stratified_batch_review+operator_override_acknowledged+downstream_ablation_required,""
BraTS-MET-00747-001,true,false,G2_technical_visual_review_2026-07-18,technical_qc_pass+risk_stratified_batch_review+operator_override_acknowledged+downstream_ablation_required,""
BraTS-MET-00749-002,true,false,G2_technical_visual_review_2026-07-18,technical_qc_pass+risk_stratified_batch_review+operator_override_acknowledged+downstream_ablation_required,""
BraTS-MET-00750-000,true,false,G2_technical_visual_review_2026-07-18,technical_qc_pass+risk_stratified_batch_review+operator_override_acknowledged+downstream_ablation_required,""
BraTS-MET-00751-000,true,false,G2_technical_visual_review_2026-07-18,technical_qc_pass+risk_stratified_visual_review_pass+operator_override_acknowledged+downstream_ablation_required,tiny_ratio_high
BraTS-MET-00752-000,true,false,G2_technical_visual_review_2026-07-18,technical_qc_pass+risk_stratified_batch_review+operator_override_acknowledged+downstream_ablation_required,""
BraTS-MET-00753-000,true,false,G2_technical_visual_review_2026-07-18,technical_qc_pass+risk_stratified_batch_review+operator_override_acknowledged+downstream_ablation_required,""
BraTS-MET-00754-000,true,false,G2_technical_visual_review_2026-07-18,technical_qc_pass+risk_stratified_visual_review_pass+operator_override_acknowledged+downstream_ablation_required,z_discontinuity
BraTS-MET-00755-000,true,false,G2_technical_visual_review_2026-07-18,technical_qc_pass+risk_stratified_batch_review+operator_override_acknowledged+downstream_ablation_required,""
BraTS-MET-00756-000,true,false,G2_technical_visual_review_2026-07-18,technical_qc_pass+risk_stratified_batch_review+operator_override_acknowledged+downstream_ablation_required,""
BraTS-MET-00756-001,true,false,G2_technical_visual_review_2026-07-18,technical_qc_pass+risk_stratified_batch_review+operator_override_acknowledged+downstream_ablation_required,""
BraTS-MET-00757-000,false,true,G2_technical_visual_review_2026-07-18,technical_qc_pass+risk_stratified_batch_review+operator_override_acknowledged+downstream_ablation_required,""
BraTS-MET-00758-000,true,false,G2_technical_visual_review_2026-07-18,technical_qc_pass+risk_stratified_batch_review+operator_override_acknowledged+downstream_ablation_required,""
BraTS-MET-00759-000,true,false,G2_technical_visual_review_2026-07-18,technical_qc_pass+risk_stratified_batch_review+operator_override_acknowledged+downstream_ablation_required,""
BraTS-MET-00760-000,true,false,G2_technical_visual_review_2026-07-18,technical_qc_pass+risk_stratified_batch_review+operator_override_acknowledged+downstream_ablation_required,""
BraTS-MET-00761-000,true,false,G2_technical_visual_review_2026-07-18,technical_qc_pass+risk_stratified_batch_review+operator_override_acknowledged+downstream_ablation_required,""
BraTS-MET-00761-001,true,false,G2_technical_visual_review_2026-07-18,technical_qc_pass+risk_stratified_batch_review+operator_override_acknowledged+downstream_ablation_required,""
BraTS-MET-00761-002,true,false,G2_technical_visual_review_2026-07-18,technical_qc_pass+risk_stratified_batch_review+operator_override_acknowledged+downstream_ablation_required,""
BraTS-MET-00761-003,true,false,G2_technical_visual_review_2026-07-18,technical_qc_pass+risk_stratified_batch_review+operator_override_acknowledged+downstream_ablation_required,""
BraTS-MET-00762-000,true,false,G2_technical_visual_review_2026-07-18,technical_qc_pass+risk_stratified_batch_review+operator_override_acknowledged+downstream_ablation_required,""
BraTS-MET-00763-000,true,false,G2_technical_visual_review_2026-07-18,technical_qc_pass+risk_stratified_batch_review+operator_override_acknowledged+downstream_ablation_required,""
BraTS-MET-00764-000,false,true,G2_technical_visual_review_2026-07-18,technical_qc_pass+risk_stratified_batch_review+operator_override_acknowledged+downstream_ablation_required,""
BraTS-MET-00765-000,true,false,G2_technical_visual_review_2026-07-18,technical_qc_pass+risk_stratified_visual_review_pass+operator_override_acknowledged+downstream_ablation_required,z_discontinuity
BraTS-MET-00766-000,false,true,G2_technical_visual_review_2026-07-18,technical_qc_pass+risk_stratified_batch_review+operator_override_acknowledged+downstream_ablation_required,""
BraTS-MET-00767-000,true,false,G2_technical_visual_review_2026-07-18,technical_qc_pass+risk_stratified_batch_review+operator_override_acknowledged+downstream_ablation_required,""
BraTS-MET-00768-000,true,false,G2_technical_visual_review_2026-07-18,technical_qc_pass+risk_stratified_batch_review+operator_override_acknowledged+downstream_ablation_required,""
BraTS-MET-00769-000,true,false,G2_technical_visual_review_2026-07-18,technical_qc_pass+risk_stratified_batch_review+operator_override_acknowledged+downstream_ablation_required,""
BraTS-MET-00770-000,true,false,G2_technical_visual_review_2026-07-18,technical_qc_pass+risk_stratified_batch_review+operator_override_acknowledged+downstream_ablation_required,""
BraTS-MET-00771-000,true,false,G2_technical_visual_review_2026-07-18,technical_qc_pass+risk_stratified_batch_review+operator_override_acknowledged+downstream_ablation_required,""
BraTS-MET-00772-000,true,false,G2_technical_visual_review_2026-07-18,technical_qc_pass+risk_stratified_visual_review_pass+operator_override_acknowledged+downstream_ablation_required,tiny_ratio_high
BraTS-MET-00773-000,true,false,G2_technical_visual_review_2026-07-18,technical_qc_pass+risk_stratified_batch_review+operator_override_acknowledged+downstream_ablation_required,""
BraTS-MET-00773-001,true,false,G2_technical_visual_review_2026-07-18,technical_qc_pass+risk_stratified_batch_review+operator_override_acknowledged+downstream_ablation_required,""
BraTS-MET-00774-001,true,false,G2_technical_visual_review_2026-07-18,technical_qc_pass+risk_stratified_batch_review+operator_override_acknowledged+downstream_ablation_required,""
BraTS-MET-00775-000,true,false,G2_technical_visual_review_2026-07-18,technical_qc_pass+risk_stratified_visual_review_pass+operator_override_acknowledged+downstream_ablation_required,tiny_ratio_high
