subject,modality,delta_whole_SSIM,delta_tumor_SSIM,delta_tumor_MSE
BraTS-MET-00006-000,t1n,-0.00321120023727417,0.0275651216506958,-0.007374586406513117
BraTS-MET-00006-000,t1c,-0.0021263957023620605,0.03797870874404907,-0.003728683339431882
BraTS-MET-00006-000,t2w,-0.0035300254821777344,0.0166589617729187,-0.002799728186801076
BraTS-MET-00006-000,t2f,-0.003068208694458008,0.012342691421508789,0.0001661005662754178
BraTS-MET-00009-000,t1n,-0.003834962844848633,0.030159473419189453,-0.00026963837444782257
BraTS-MET-00009-000,t1c,0.00996488332748413,0.15286660194396973,-0.007066287798807025
BraTS-MET-00009-000,t2w,0.0011600255966186523,0.07651931047439575,-0.004327422473579645
BraTS-MET-00009-000,t2f,-0.0008565783500671387,0.03296554088592529,0.0005164438625797629
BraTS-MET-00014-000,t1n,-0.002594888210296631,0.03468996286392212,-0.007466913666576147
BraTS-MET-00014-000,t1c,0.0020742416381835938,0.0479244589805603,-0.008366841124370694
BraTS-MET-00014-000,t2w,-0.0030568838119506836,0.01576012372970581,-0.0020936961518600583
BraTS-MET-00014-000,t2f,-0.004958629608154297,0.0026631951332092285,-0.00019763794261962175
BraTS-MET-00016-000,t1n,-0.008431315422058105,-0.0004290938377380371,-0.003319719573482871
BraTS-MET-00016-000,t1c,-0.004627823829650879,0.020756661891937256,-0.0070451784413307905
BraTS-MET-00016-000,t2w,-0.004787087440490723,0.003283560276031494,-0.0012138925376348197
BraTS-MET-00016-000,t2f,-0.0016250014305114746,0.013112127780914307,-0.0008410432492382824
BraTS-MET-00019-000,t1n,0.0018071532249450684,0.09183400869369507,-0.009018538752570748
BraTS-MET-00019-000,t1c,0.003602921962738037,0.09224849939346313,-0.01059861306566745
BraTS-MET-00019-000,t2w,-0.005672752857208252,0.014243006706237793,-0.00012166390661150217
BraTS-MET-00019-000,t2f,-0.0022190213203430176,0.015554666519165039,3.241014201194048e-05
BraTS-MET-00022-000,t1n,-0.004843533039093018,0.00804966688156128,-0.0029185299354139715
BraTS-MET-00022-000,t1c,0.009938478469848633,0.08972018957138062,-0.009269882109947503
BraTS-MET-00022-000,t2w,-0.0013427138328552246,0.021409332752227783,-0.0037392255617305636
BraTS-MET-00022-000,t2f,-0.0006614923477172852,0.02067887783050537,-0.0006859598215669394
BraTS-MET-00025-000,t1n,-0.005908787250518799,0.005557239055633545,-0.000713199027813971
BraTS-MET-00025-000,t1c,-0.00040221214294433594,0.0688866376876831,-0.013135441462509334
BraTS-MET-00025-000,t2w,-0.0025048255920410156,0.03574913740158081,-0.0018442720174789429
BraTS-MET-00025-000,t2f,-5.704164505004883e-05,0.03479427099227905,-0.00024104607291519642
BraTS-MET-00098-000,t1n,-0.003699779510498047,0.029567301273345947,-4.513587919063866e-05
BraTS-MET-00098-000,t1c,0.018125712871551514,0.24584484100341797,-0.019357116892933846
BraTS-MET-00098-000,t2w,0.0025910139083862305,0.1301671266555786,-0.008781270822510123
BraTS-MET-00098-000,t2f,-0.003223419189453125,0.029218196868896484,-9.891489753499627e-05
BraTS-MET-00129-000,t1n,-0.0027390718460083008,0.018293380737304688,-0.0009646948310546577
BraTS-MET-00129-000,t1c,0.022354185581207275,0.13406503200531006,-0.012757506221532822
BraTS-MET-00129-000,t2w,0.001952826976776123,0.03512132167816162,-0.0011837215279228985
BraTS-MET-00129-000,t2f,-0.0023529529571533203,0.007150530815124512,0.0005812947056256235
BraTS-MET-00133-000,t1n,-0.0007696747779846191,0.01357179880142212,-9.027044870890677e-05
BraTS-MET-00133-000,t1c,0.0025153160095214844,0.03848886489868164,-0.0038463890086859465
BraTS-MET-00133-000,t2w,0.001806795597076416,0.022080957889556885,-0.0025675653014332056
BraTS-MET-00133-000,t2f,-0.0023382902145385742,0.007969915866851807,0.00019334052922204137
BraTS-MET-00137-000,t1n,-0.002357959747314453,0.02002817392349243,-0.0010337535932194442
BraTS-MET-00137-000,t1c,0.016479671001434326,0.1678810715675354,-0.02920529618859291
BraTS-MET-00137-000,t2w,0.0013529658317565918,0.036269545555114746,-0.001611020416021347
BraTS-MET-00137-000,t2f,0.0001494884490966797,0.02461087703704834,-0.000354762130882591
BraTS-MET-00147-000,t1n,-0.004768490791320801,0.015039622783660889,0.0001720967993605882
BraTS-MET-00147-000,t1c,0.01406329870223999,0.1443987488746643,-0.007060505449771881
BraTS-MET-00147-000,t2w,-0.00035250186920166016,0.04725128412246704,-0.001026753569021821
BraTS-MET-00147-000,t2f,-0.002029120922088623,0.03080737590789795,-0.0002495220396667719
BraTS-MET-00161-000,t1n,-0.0024451613426208496,0.020662307739257812,-0.0002701203338801861
BraTS-MET-00161-000,t1c,0.02159363031387329,0.11900472640991211,-0.008289975812658668
BraTS-MET-00161-000,t2w,0.002479851245880127,0.04937851428985596,-0.002043678192421794
BraTS-MET-00161-000,t2f,0.00011450052261352539,0.01643615961074829,-0.0002860244130715728
BraTS-MET-00162-000,t1n,-0.0007444620132446289,0.03259623050689697,0.00034502934431657195
BraTS-MET-00162-000,t1c,0.012150287628173828,0.1642412543296814,-0.025907568633556366
BraTS-MET-00162-000,t2w,-0.0018110275268554688,0.03171449899673462,-0.0020642135059460998
BraTS-MET-00162-000,t2f,-0.002322673797607422,0.02983325719833374,9.03196632862091e-06
BraTS-MET-00167-000,t1n,-0.005204379558563232,0.01423788070678711,-0.002137527510058135
BraTS-MET-00167-000,t1c,0.0008960366249084473,0.07749027013778687,-0.005964052717899904
BraTS-MET-00167-000,t2w,0.0034952759742736816,0.050728678703308105,-0.0018055886030197144
BraTS-MET-00167-000,t2f,0.0005329251289367676,0.02334415912628174,-0.0002691298723220825
BraTS-MET-00175-000,t1n,-0.0010983943939208984,0.028105556964874268,-6.54709292575717e-05
BraTS-MET-00175-000,t1c,0.007554054260253906,0.1591680645942688,-0.009232591837644577
BraTS-MET-00175-000,t2w,0.0035066604614257812,0.05654019117355347,-0.001742642023600638
BraTS-MET-00175-000,t2f,0.00035881996154785156,0.026638686656951904,-0.00047818769235163927
BraTS-MET-00180-000,t1n,-0.0050885677337646484,-0.0007346868515014648,-0.00037335455999709666
BraTS-MET-00180-000,t1c,0.002191305160522461,0.06599748134613037,-0.0022368011996150017
BraTS-MET-00180-000,t2w,-0.001491248607635498,0.01195448637008667,-0.0006224521202966571
BraTS-MET-00180-000,t2f,0.00028759241104125977,0.012983381748199463,4.5655062422156334e-05
BraTS-MET-00194-000,t1n,0.0008140802383422852,0.03193330764770508,-7.74414511397481e-05
BraTS-MET-00194-000,t1c,0.017138421535491943,0.1330074667930603,-0.004664704203605652
BraTS-MET-00194-000,t2w,0.0021843314170837402,0.050688207149505615,-0.0016246004961431026
BraTS-MET-00194-000,t2f,-0.0004283785820007324,0.020663797855377197,1.4154007658362389e-05
BraTS-MET-00195-000,t1n,-0.0035886168479919434,0.009080946445465088,-0.00016972341109067202
BraTS-MET-00195-000,t1c,0.003433823585510254,0.05536288022994995,-0.002253587357699871
BraTS-MET-00195-000,t2w,-0.00241929292678833,0.011739492416381836,-0.0004407151718623936
BraTS-MET-00195-000,t2f,-0.002049386501312256,0.007957994937896729,0.0003117709420621395
BraTS-MET-00200-000,t1n,-0.003190279006958008,0.002988278865814209,-0.0008100347768049687
BraTS-MET-00200-000,t1c,0.015007555484771729,0.08480918407440186,-0.00952546764165163
BraTS-MET-00200-000,t2w,0.004580497741699219,0.04259371757507324,-0.00337216688785702
BraTS-MET-00200-000,t2f,-0.0005458593368530273,0.009588062763214111,-1.191615592688322e-05
BraTS-MET-00202-000,t1n,-0.000762641429901123,0.015378773212432861,-8.61816224642098e-05
BraTS-MET-00202-000,t1c,0.001402139663696289,0.055046141147613525,-0.003113541752099991
BraTS-MET-00202-000,t2w,0.005779266357421875,0.07272684574127197,-0.0030412005726248026
BraTS-MET-00202-000,t2f,0.00036782026290893555,0.01833963394165039,-0.0001069472637027502
BraTS-MET-00214-000,t1n,-0.0005165934562683105,0.023706436157226562,-0.00011382496450096369
BraTS-MET-00214-000,t1c,-0.003545999526977539,0.013176143169403076,5.2990508265793324e-05
BraTS-MET-00214-000,t2w,0.002808690071105957,0.05883842706680298,-0.0022853475529700518
BraTS-MET-00214-000,t2f,0.0012810230255126953,0.06390482187271118,-0.0012688140850514174
BraTS-MET-00260-000,t1n,-0.0049607157707214355,0.019844114780426025,-0.0004826789954677224
BraTS-MET-00260-000,t1c,0.0066155195236206055,0.07311224937438965,-0.004538996145129204
BraTS-MET-00260-000,t2w,0.003735959529876709,0.04746806621551514,-0.0011760517954826355
BraTS-MET-00260-000,t2f,-0.0021792054176330566,0.04012429714202881,-7.007317617535591e-05
BraTS-MET-00264-000,t1n,-0.0025397539138793945,0.012059390544891357,-0.001047265192028135
BraTS-MET-00264-000,t1c,-0.004767179489135742,0.029728055000305176,-0.0016882647760212421
BraTS-MET-00264-000,t2w,-0.004033863544464111,0.0031666159629821777,0.0012866650940850377
BraTS-MET-00264-000,t2f,-0.0017918944358825684,0.012592017650604248,0.00031967449467629194
BraTS-MET-00268-000,t1n,-0.00036066770553588867,0.034422993659973145,-0.0002675591385923326
BraTS-MET-00268-000,t1c,0.010464310646057129,0.102283775806427,-0.006588293239474297
BraTS-MET-00268-000,t2w,0.004374444484710693,0.07619744539260864,-0.0035075603518635035
BraTS-MET-00268-000,t2f,-0.001853644847869873,0.019924700260162354,0.00021455774549394846
BraTS-MET-00292-000,t1n,-0.0009687542915344238,0.02660501003265381,-0.0001231564674526453
BraTS-MET-00292-000,t1c,-0.0015408992767333984,0.0770118236541748,-0.00436042295768857
BraTS-MET-00292-000,t2w,0.004151761531829834,0.06834125518798828,-0.0027495084796100855
BraTS-MET-00292-000,t2f,-0.0010111331939697266,0.021681606769561768,0.00022424606140702963
BraTS-MET-00299-000,t1n,-0.00301206111907959,0.012667417526245117,-0.00012179205077700317
BraTS-MET-00299-000,t1c,0.019460737705230713,0.12453049421310425,-0.012589192017912865
BraTS-MET-00299-000,t2w,-0.0010516047477722168,0.017659127712249756,-0.001038014655932784
BraTS-MET-00299-000,t2f,-0.0011811256408691406,0.018927574157714844,-0.00011399434879422188
BraTS-MET-00300-000,t1n,-0.0035381317138671875,0.008574247360229492,-1.16625742521137e-05
BraTS-MET-00300-000,t1c,0.015423059463500977,0.10549741983413696,-0.004884134978055954
BraTS-MET-00300-000,t2w,0.0033060312271118164,0.04543733596801758,-0.0015335255884565413
BraTS-MET-00300-000,t2f,0.0005346536636352539,0.016779422760009766,-0.00029973103664815426
BraTS-MET-00380-000,t1n,-0.004669070243835449,0.016171514987945557,-0.0001540725352242589
BraTS-MET-00380-000,t1c,-0.003224015235900879,0.029429912567138672,-0.003478545928373933
BraTS-MET-00380-000,t2w,-0.008253931999206543,0.0036180615425109863,-0.0005110970814712346
BraTS-MET-00380-000,t2f,-0.004895567893981934,0.013687551021575928,-0.00028820172883570194
BraTS-MET-00532-000,t1n,0.023536384105682373,0.18308496475219727,-0.010065416805446148
BraTS-MET-00532-000,t1c,0.012211382389068604,0.039687275886535645,-0.0008508823812007904
BraTS-MET-00532-000,t2w,0.0019071102142333984,0.04703187942504883,-0.005220145802013576
BraTS-MET-00532-000,t2f,-0.0021110177040100098,-8.13603401184082e-05,-0.0015041346196085215
BraTS-MET-00552-000,t1n,-0.0013577938079833984,0.03366345167160034,-0.00581025640713051
BraTS-MET-00552-000,t1c,0.009120583534240723,0.12154048681259155,-0.008425126783549786
BraTS-MET-00552-000,t2w,0.0020709633827209473,0.04593801498413086,-0.0023858839413151145
BraTS-MET-00552-000,t2f,-0.0005984306335449219,0.032063961029052734,-0.00015678559429943562
BraTS-MET-00572-000,t1n,0.0008276700973510742,0.08418720960617065,-0.004390209564007819
BraTS-MET-00572-000,t1c,0.003816664218902588,0.036453306674957275,-0.00460442528128624
BraTS-MET-00572-000,t2w,0.00850522518157959,0.1914886236190796,-0.019361340906471014
BraTS-MET-00572-000,t2f,0.0001035928726196289,0.04209083318710327,-0.0019333776435814798
BraTS-MET-00577-001,t1n,-0.01831662654876709,-0.008359014987945557,-0.0003000936994794756
BraTS-MET-00577-001,t1c,-0.014726817607879639,0.0025373101234436035,-0.001214208547025919
BraTS-MET-00577-001,t2w,-0.010287225246429443,-0.008874952793121338,-0.00028035661671310663
BraTS-MET-00577-001,t2f,-0.019572854042053223,-0.01256781816482544,-0.0005654138803947717
BraTS-MET-00613-000,t1n,-0.002524435520172119,0.061255574226379395,-0.0003181002684868872
BraTS-MET-00613-000,t1c,0.0025975704193115234,0.11314666271209717,-0.014476639218628407
BraTS-MET-00613-000,t2w,0.002259194850921631,0.11608767509460449,-0.0020299559691920877
BraTS-MET-00613-000,t2f,-0.0030524730682373047,0.06908291578292847,-0.00015728187281638384
BraTS-MET-00613-001,t1n,-0.023648321628570557,-0.012910008430480957,-0.0002718729665502906
BraTS-MET-00613-001,t1c,-0.00959312915802002,0.0064917802810668945,-0.0001888149417936802
BraTS-MET-00613-001,t2w,-0.010419964790344238,-0.008081614971160889,-0.00019894838624168187
BraTS-MET-00613-001,t2f,-0.015041887760162354,-0.006401479244232178,-0.00018168159294873476
BraTS-MET-00625-000,t1n,-0.01970076560974121,0.003817439079284668,-0.00013624444545712322
BraTS-MET-00625-000,t1c,-0.009691298007965088,0.0164678692817688,-0.0007673946674913168
BraTS-MET-00625-000,t2w,-0.004771590232849121,0.005785107612609863,-0.0003078343579545617
BraTS-MET-00625-000,t2f,-0.019467651844024658,0.011314094066619873,-0.0003282018005847931
BraTS-MET-00663-000,t1n,-0.001595616340637207,0.041272759437561035,1.1399155482649803e-05
BraTS-MET-00663-000,t1c,0.002434253692626953,0.08472990989685059,-0.008574004285037518
BraTS-MET-00663-000,t2w,0.00166398286819458,0.066683828830719,-0.009598954697139561
BraTS-MET-00663-000,t2f,0.0006378889083862305,0.07730758190155029,-0.0028448879020288587
BraTS-MET-00682-000,t1n,-0.0035818815231323242,0.026005327701568604,0.0004394801799207926
BraTS-MET-00682-000,t1c,-0.0016112923622131348,0.056743085384368896,-0.005939827533438802
BraTS-MET-00682-000,t2w,0.002290666103363037,0.07833999395370483,-0.00964563968591392
BraTS-MET-00682-000,t2f,-0.004652082920074463,0.011846482753753662,0.0010459088953211904
BraTS-MET-00699-000,t1n,-0.0014462471008300781,0.05180680751800537,0.0007230649353004992
BraTS-MET-00699-000,t1c,-0.00019186735153198242,0.06935608386993408,-0.0013875036966055632
BraTS-MET-00699-000,t2w,-0.0016597509384155273,0.022266089916229248,0.000117473304271698
BraTS-MET-00699-000,t2f,-0.0035830140113830566,0.009522855281829834,0.0012739480007439852
BraTS-MET-00787-000,t1n,0.00038188695907592773,0.05254405736923218,-0.0006465686019510031
BraTS-MET-00787-000,t1c,0.008358955383300781,0.15779078006744385,-0.018322102434467524
BraTS-MET-00787-000,t2w,-0.005994915962219238,0.03730589151382446,-0.0014416341437026858
BraTS-MET-00787-000,t2f,-0.0004258155822753906,0.05477684736251831,-0.0012328663142398
BraTS-MET-00791-000,t1n,-0.004568159580230713,0.034460484981536865,-0.001233997754752636
BraTS-MET-00791-000,t1c,0.01050269603729248,0.11014676094055176,-0.0025398462312296033
BraTS-MET-00791-000,t2w,-0.0033996105194091797,0.03737139701843262,-0.001373412786051631
BraTS-MET-00791-000,t2f,-0.005314528942108154,0.02335411310195923,-0.0013563877437263727
BraTS-MET-00796-000,t1n,-0.004968047142028809,0.023227274417877197,-0.0007436325831804425
BraTS-MET-00796-000,t1c,0.008051395416259766,0.10134333372116089,-0.00785090180579573
BraTS-MET-00796-000,t2w,-0.003234267234802246,0.036293864250183105,-0.0020963308634236455
BraTS-MET-00796-000,t2f,0.0017529129981994629,0.04897022247314453,-0.0011473039630800486
BraTS-MET-00799-000,t1n,-0.004939734935760498,0.020804286003112793,-0.0007795046549290419
BraTS-MET-00799-000,t1c,0.018385469913482666,0.17314153909683228,-0.014128515496850014
BraTS-MET-00799-000,t2w,-0.0025641918182373047,0.025892138481140137,-0.001207421999424696
BraTS-MET-00799-000,t2f,-0.0007649660110473633,0.03354310989379883,-0.0006913248216733336
BraTS-MET-00807-000,t1n,-0.0015857219696044922,0.012434661388397217,-0.002352748648263514
BraTS-MET-00807-000,t1c,0.019576668739318848,0.11025363206863403,-0.006766222417354584
BraTS-MET-00807-000,t2w,-0.004283785820007324,0.00949329137802124,-0.002614266180898994
BraTS-MET-00807-000,t2f,-0.004979491233825684,0.009687721729278564,-0.0008327576797455549
BraTS-MET-01058-001,t1n,-0.006504058837890625,0.01512676477432251,-2.3027881979942322e-05
BraTS-MET-01058-001,t1c,-0.0020698904991149902,0.028697311878204346,-0.002427717321552336
BraTS-MET-01058-001,t2w,-0.0062441229820251465,0.00569307804107666,-0.0009941466269083321
BraTS-MET-01058-001,t2f,-0.012456178665161133,0.017987549304962158,-0.0005281050107441843
BraTS-MET-01060-001,t1n,-0.0017108321189880371,0.03480416536331177,-0.00029025923868175596
BraTS-MET-01060-001,t1c,0.008812487125396729,0.13475549221038818,-0.004972030408680439
BraTS-MET-01060-001,t2w,-0.0028221607208251953,0.023299813270568848,-0.0007398782181553543
BraTS-MET-01060-001,t2f,-0.0029546022415161133,0.02978801727294922,0.0003146688686683774
BraTS-MET-01096-000,t1n,0.01682060956954956,0.2720233201980591,-0.02005330892279744
BraTS-MET-01096-000,t1c,0.021201014518737793,0.6848341822624207,-0.056752635166049004
BraTS-MET-01096-000,t2w,0.0008045434951782227,0.1442720890045166,-0.012556183617562056
BraTS-MET-01096-000,t2f,-0.0021215081214904785,0.060269296169281006,-0.0017004443798214197
BraTS-MET-01096-001,t1n,-0.003391444683074951,0.055391669273376465,-4.844361683353782e-05
BraTS-MET-01096-001,t1c,0.015122652053833008,0.32172316312789917,-0.02778743952512741
BraTS-MET-01096-001,t2w,-0.001273036003112793,0.12249797582626343,-0.011379034433048218
BraTS-MET-01096-001,t2f,-0.0009057521820068359,0.06302207708358765,-0.0012829374754801393
BraTS-MET-01096-002,t1n,-0.001992940902709961,0.05295431613922119,-7.809503586031497e-05
BraTS-MET-01096-002,t1c,0.015233218669891357,0.3177758455276489,-0.0281429635360837
BraTS-MET-01096-002,t2w,-0.0008496642112731934,0.09430104494094849,-0.008539053553249687
BraTS-MET-01096-002,t2f,-0.0018714666366577148,0.04173636436462402,-0.0010989414295181632
BraTS-MET-01105-001,t1n,-0.011923730373382568,-0.0007586479187011719,3.630453284131363e-05
BraTS-MET-01105-001,t1c,-0.007346391677856445,-0.0011593103408813477,-9.287631837651134e-05
BraTS-MET-01105-001,t2w,-0.00840139389038086,-0.0017721056938171387,7.787102367728949e-05
BraTS-MET-01105-001,t2f,-0.009060084819793701,-0.00405728816986084,-4.073746094945818e-05
BraTS-MET-01105-002,t1n,8.422136306762695e-05,0.008179008960723877,6.106254295445979e-05
BraTS-MET-01105-002,t1c,-0.006667733192443848,-0.0024648308753967285,-0.00010217935778200626
BraTS-MET-01105-002,t2w,-0.007449686527252197,0.0006000399589538574,0.00012702425010502338
BraTS-MET-01105-002,t2f,-0.00723874568939209,-0.004309654235839844,4.275083483662456e-05
BraTS-MET-01109-001,t1n,-0.011762082576751709,-0.0003260374069213867,3.36463563144207e-06
BraTS-MET-01109-001,t1c,-0.006088078022003174,0.006960272789001465,-0.001987213734537363
BraTS-MET-01109-001,t2w,-0.016150295734405518,-0.010882258415222168,-0.0003926219651475549
BraTS-MET-01109-001,t2f,-0.014789998531341553,-0.0033731460571289062,-0.0001017994072753936
BraTS-MET-01109-002,t1n,-0.010486781597137451,-0.0025863051414489746,-4.9641530495136976e-05
BraTS-MET-01109-002,t1c,-0.010197818279266357,-0.0009276866912841797,-0.0016216719523072243
BraTS-MET-01109-002,t2w,-0.01592254638671875,-0.01246708631515503,-0.00041699898429214954
BraTS-MET-01109-002,t2f,-0.013811111450195312,-0.004906415939331055,-2.374776522628963e-05
BraTS-MET-01109-003,t1n,-0.0022292137145996094,0.03683269023895264,-3.56868258677423e-05
BraTS-MET-01109-003,t1c,-0.013466596603393555,0.004421710968017578,-0.0003580390475690365
BraTS-MET-01109-003,t2w,-0.00932997465133667,0.010686933994293213,-0.00037855072878301144
BraTS-MET-01109-003,t2f,-0.016877472400665283,-0.00659024715423584,-0.00041793176205828786
BraTS-MET-01117-001,t1n,-0.02196979522705078,0.0009377598762512207,-6.143245263956487e-05
BraTS-MET-01117-001,t1c,0.0004126429557800293,0.004242897033691406,-0.00042533816304057837
BraTS-MET-01117-001,t2w,-0.004596710205078125,0.002829134464263916,-2.0317966118454933e-06
BraTS-MET-01117-001,t2f,-0.008273720741271973,-0.0011785030364990234,-1.7308193491771817e-05
BraTS-MET-01117-002,t1n,-0.009054124355316162,-0.0033034682273864746,-1.3318614946911111e-05
BraTS-MET-01117-002,t1c,-0.004370927810668945,-0.00024753808975219727,4.851783160120249e-05
BraTS-MET-01117-002,t2w,-0.006833136081695557,-0.006932258605957031,-9.039160795509815e-05
BraTS-MET-01117-002,t2f,-0.0069435834884643555,-0.008719086647033691,6.692421811749227e-05
BraTS-MET-01117-003,t1n,-0.006517589092254639,-0.006517589092254639,-3.7781515857204795e-05
BraTS-MET-01117-003,t1c,-0.0026507973670959473,-0.0026507973670959473,-8.825457189232111e-05
BraTS-MET-01117-003,t2w,-0.00747758150100708,-0.00747758150100708,1.803506165742874e-05
BraTS-MET-01117-003,t2f,-0.009689569473266602,-0.009689569473266602,4.052658914588392e-05
BraTS-MET-01119-000,t1n,-0.018421590328216553,-0.0028472542762756348,4.096978227607906e-05
BraTS-MET-01119-000,t1c,-6.395578384399414e-05,0.018526732921600342,0.00012428362970240414
BraTS-MET-01119-000,t2w,-0.010979831218719482,0.0014238357543945312,-0.00017273274715989828
BraTS-MET-01119-000,t2f,-0.02224898338317871,-0.001293480396270752,-1.2125703506171703e-05
BraTS-MET-01119-001,t1n,-0.01656043529510498,-0.001048743724822998,2.8338705305941403e-05
BraTS-MET-01119-001,t1c,-0.0073320865631103516,0.003570079803466797,-0.00016335974214598536
BraTS-MET-01119-001,t2w,-0.010723471641540527,-0.0005500316619873047,-0.00015160685870796442
BraTS-MET-01119-001,t2f,-0.015179157257080078,-0.003582298755645752,-9.9543685792014e-06
BraTS-MET-01119-003,t1n,-0.02220010757446289,0.0022199153900146484,0.00017245838535018265
BraTS-MET-01119-003,t1c,-0.009251952171325684,0.0003439784049987793,-0.00014044821728020906
BraTS-MET-01119-003,t2w,-0.009876132011413574,0.0007219910621643066,-0.00017174542881548405
BraTS-MET-01119-003,t2f,-0.016215384006500244,-0.0027112364768981934,-2.1036452380940318e-05
BraTS-MET-01134-000,t1n,-0.0013344287872314453,0.04692661762237549,-0.00013519037747755647
BraTS-MET-01134-000,t1c,0.021550655364990234,0.3011971116065979,-0.027661876752972603
BraTS-MET-01134-000,t2w,0.005023300647735596,0.22925758361816406,-0.020950594916939735
BraTS-MET-01134-000,t2f,-0.0018240809440612793,0.050414979457855225,-0.0007379404851235449
BraTS-MET-01134-003,t1n,0.00039708614349365234,0.05309581756591797,0.0016026950906962156
BraTS-MET-01134-003,t1c,0.008821964263916016,0.21796125173568726,-0.01609586924314499
BraTS-MET-01134-003,t2w,0.003189682960510254,0.14068138599395752,-0.02685923338867724
BraTS-MET-01134-003,t2f,-0.00032383203506469727,0.010897636413574219,-0.0016774047398939729
BraTS-MET-01149-000,t1n,-0.00598984956741333,-0.0020003914833068848,-0.00017751209088601172
BraTS-MET-01149-000,t1c,-0.0012249946594238281,0.0015811920166015625,-0.0002661998732946813
BraTS-MET-01149-000,t2w,-0.006312012672424316,-0.0015916228294372559,-9.41155303735286e-05
BraTS-MET-01149-000,t2f,-0.004027664661407471,0.00045228004455566406,-8.066470036283135e-05
BraTS-MET-01149-001,t1n,-0.007909655570983887,-0.0046749114990234375,6.278303044382483e-05
BraTS-MET-01149-001,t1c,-0.009244799613952637,-0.00860738754272461,-0.00022961641661822796
BraTS-MET-01149-001,t2w,-0.008684694766998291,-0.0020963549613952637,-7.522976375184953e-05
BraTS-MET-01149-001,t2f,-0.0010619759559631348,0.003911852836608887,-6.37164048384875e-05
BraTS-MET-01172-001,t1n,-0.0008936524391174316,0.03587806224822998,-0.0006693876930512488
BraTS-MET-01172-001,t1c,0.011905789375305176,0.1083289384841919,-0.008340278640389442
BraTS-MET-01172-001,t2w,0.0029751062393188477,0.05017918348312378,-0.0020675124833360314
BraTS-MET-01172-001,t2f,-0.00014930963516235352,0.042369306087493896,-0.0008762053912505507
BraTS-MET-01172-002,t1n,0.0005366802215576172,0.050642311573028564,7.54256616346538e-05
BraTS-MET-01172-002,t1c,0.020506441593170166,0.09277892112731934,-0.001845741644501686
BraTS-MET-01172-002,t2w,0.0017633438110351562,0.04224586486816406,-0.002584803616628051
BraTS-MET-01172-002,t2f,0.0018042922019958496,0.04939800500869751,-0.0006318483501672745
BraTS-MET-01172-004,t1n,-0.002053499221801758,0.023852765560150146,-0.00040373700903728604
BraTS-MET-01172-004,t1c,0.0038241147994995117,0.03477877378463745,-0.0005614645779132843
BraTS-MET-01172-004,t2w,0.0016884803771972656,0.051822662353515625,-0.0019386669155210257
BraTS-MET-01172-004,t2f,-0.0009659528732299805,0.03361016511917114,-0.0013540810905396938
BraTS-MET-01180-000,t1n,0.0007695555686950684,0.08004969358444214,-0.0004021297791041434
BraTS-MET-01180-000,t1c,0.016404151916503906,0.2566060423851013,-0.025574973318725824
BraTS-MET-01180-000,t2w,0.0036631226539611816,0.07932597398757935,-0.003636169945821166
BraTS-MET-01180-000,t2f,-0.0005965828895568848,0.0393710732460022,0.00011781789362430573
BraTS-MET-01180-003,t1n,0.0002606511116027832,0.053105294704437256,6.07779948040843e-05
BraTS-MET-01180-003,t1c,0.030145704746246338,0.32992273569107056,-0.01720935746561736
BraTS-MET-01180-003,t2w,0.002981126308441162,0.09232258796691895,-0.0036820145323872566
BraTS-MET-01180-003,t2f,0.0007337331771850586,0.05851930379867554,-0.0008968217298388481
BraTS-MET-01181-001,t1n,0.00043570995330810547,0.03310149908065796,-0.0001276424154639244
BraTS-MET-01181-001,t1c,0.0004608631134033203,0.04262000322341919,7.71665945649147e-05
BraTS-MET-01181-001,t2w,-0.002454996109008789,0.023554086685180664,-0.00034320843406021595
BraTS-MET-01181-001,t2f,-0.005480527877807617,0.014325559139251709,0.0010108263231813908
BraTS-MET-01181-002,t1n,0.007797181606292725,0.06584149599075317,-0.0008076766971498728
BraTS-MET-01181-002,t1c,0.009827077388763428,0.11241936683654785,-0.009263550862669945
BraTS-MET-01181-002,t2w,-0.0008420944213867188,0.04148125648498535,-0.002581994980573654
BraTS-MET-01181-002,t2f,-0.007383465766906738,0.012240290641784668,-0.006636753212660551
BraTS-MET-01187-000,t1n,-0.01667684316635132,-0.025196611881256104,-7.954996544867754e-05
BraTS-MET-01187-000,t1c,-0.0041915178298950195,-0.005154848098754883,-0.0009819669649004936
BraTS-MET-01187-000,t2w,-0.010694563388824463,-0.018351197242736816,4.773610271513462e-06
BraTS-MET-01187-000,t2f,-0.018700480461120605,-0.024705708026885986,2.056025550700724e-05
BraTS-MET-01187-001,t1n,-0.016513705253601074,-0.016513705253601074,6.481853779405355e-05
BraTS-MET-01187-001,t1c,-0.00780564546585083,-0.00780564546585083,7.391965482383966e-05
BraTS-MET-01187-001,t2w,-0.014416277408599854,-0.014416277408599854,0.00017988367471843958
BraTS-MET-01187-001,t2f,-0.021132946014404297,-0.021132946014404297,0.00044995383359491825
BraTS-MET-01187-003,t1n,-0.015439510345458984,-0.015439510345458984,6.956857396289706e-05
BraTS-MET-01187-003,t1c,-0.010465919971466064,-0.010465919971466064,-6.256008055061102e-05
BraTS-MET-01187-003,t2w,-0.011851489543914795,-0.011851489543914795,0.000140373595058918
BraTS-MET-01187-003,t2f,-0.020893633365631104,-0.020893633365631104,0.0002104013110511005
BraTS-MET-01191-001,t1n,-0.0204659104347229,-0.0013271570205688477,7.568500586785376e-05
BraTS-MET-01191-001,t1c,-0.00045287609100341797,0.05016130208969116,-0.0013631293550133705
BraTS-MET-01191-001,t2w,-0.012853443622589111,0.001969575881958008,-0.0003245400439482182
BraTS-MET-01191-001,t2f,-0.011422932147979736,0.006741464138031006,-0.00021472052321769297
BraTS-MET-01191-002,t1n,-0.01887214183807373,0.0007287263870239258,-2.4956054403446615e-05
BraTS-MET-01191-002,t1c,-0.005646944046020508,0.04445183277130127,-0.0012318312656134367
BraTS-MET-01191-002,t2w,-0.01369023323059082,0.0019744038581848145,-0.00036890042247250676
BraTS-MET-01191-002,t2f,-0.010785937309265137,0.010088205337524414,-0.00010155868949368596
BraTS-MET-01191-003,t1n,-0.01859956979751587,-0.0010612010955810547,-0.00013574215699918568
BraTS-MET-01191-003,t1c,-0.002256333827972412,0.03560495376586914,-0.0018518734723329544
BraTS-MET-01191-003,t2w,-0.012788832187652588,0.0017802715301513672,-0.00046549076796509326
BraTS-MET-01191-003,t2f,-0.011210083961486816,0.00936192274093628,-0.00012105642235837877
BraTS-MET-01191-004,t1n,-0.014026045799255371,0.0012854933738708496,-0.00011197567800991237
BraTS-MET-01191-004,t1c,-0.0010384917259216309,0.0386161208152771,-0.0011352370493113995
BraTS-MET-01191-004,t2w,-0.013127386569976807,0.00048786401748657227,-0.00041134198545478284
BraTS-MET-01191-004,t2f,-0.011462986469268799,0.006432712078094482,-6.914239202160388e-05
BraTS-MET-01217-000,t1n,-0.013620734214782715,-0.0110970139503479,-0.00010749351349659264
BraTS-MET-01217-000,t1c,-0.006506204605102539,0.005470633506774902,-0.0008346822578459978
BraTS-MET-01217-000,t2w,-0.014253973960876465,-0.014330148696899414,-0.0003335949731990695
BraTS-MET-01217-000,t2f,-0.015529334545135498,-0.012038946151733398,-0.00017999537521973252
BraTS-MET-01217-002,t1n,-0.01894921064376831,-0.01894921064376831,0.00021673517767339945
BraTS-MET-01217-002,t1c,-0.020303964614868164,-0.020303964614868164,6.984302308410406e-05
BraTS-MET-01217-002,t2w,-0.010302364826202393,-0.010302364826202393,3.967236261814833e-05
BraTS-MET-01217-002,t2f,-0.01463085412979126,-0.01463085412979126,7.483467925339937e-05
BraTS-MET-01217-003,t1n,-0.0077034831047058105,-0.0077034831047058105,4.039169289171696e-05
BraTS-MET-01217-003,t1c,-0.00731205940246582,-0.00731205940246582,-1.5556812286376953e-05
BraTS-MET-01217-003,t2w,-0.01362466812133789,-0.01362466812133789,7.440580520778894e-05
BraTS-MET-01217-003,t2f,-0.015639662742614746,-0.015639662742614746,0.00017115776427090168
BraTS-MET-01250-001,t1n,-0.00012445449829101562,0.01628434658050537,4.5208551455289125e-05
BraTS-MET-01250-001,t1c,0.009685933589935303,0.050343871116638184,-0.0006531774997711182
BraTS-MET-01250-001,t2w,-0.0048182010650634766,0.023749887943267822,-0.00039066129829734564
BraTS-MET-01250-001,t2f,-0.0008836984634399414,0.02425980567932129,0.0007957983762025833
BraTS-MET-01250-003,t1n,-0.0006480216979980469,-0.0006480216979980469,0.0002615842968225479
BraTS-MET-01250-003,t1c,0.00011181831359863281,0.00011181831359863281,-7.756147533655167e-05
BraTS-MET-01250-003,t2w,-0.005099296569824219,-0.005099296569824219,5.142763257026672e-06
BraTS-MET-01250-003,t2f,-0.0016586780548095703,-0.0016586780548095703,0.00010638800449669361
BraTS-MET-01268-002,t1n,-0.00041878223419189453,0.0024003982543945312,4.762390744872391e-05
BraTS-MET-01268-002,t1c,-0.010125219821929932,-0.003161013126373291,-0.0003556018928065896
BraTS-MET-01268-002,t2w,-0.005217552185058594,0.004937231540679932,-0.00017185171600431204
BraTS-MET-01268-002,t2f,0.00046759843826293945,0.007989227771759033,-2.04980606213212e-05
BraTS-MET-01270-001,t1n,-0.019990146160125732,-0.010142743587493896,-0.00010848701640497893
BraTS-MET-01270-001,t1c,-0.003648042678833008,0.007955372333526611,-0.000504015595652163
BraTS-MET-01270-001,t2w,-0.014039218425750732,-0.008159816265106201,-0.00021047767950221896
BraTS-MET-01270-001,t2f,-0.020309627056121826,-0.009688079357147217,-6.826166645623744e-05
BraTS-MET-01270-002,t1n,-0.023888826370239258,-0.011068522930145264,-0.00011002100654877722
BraTS-MET-01270-002,t1c,-0.018625319004058838,-0.007978081703186035,-0.0005889246240258217
BraTS-MET-01270-002,t2w,-0.009975790977478027,-0.002001464366912842,-0.00024405348813161254
BraTS-MET-01270-002,t2f,-0.026369690895080566,-0.009226322174072266,-0.0002251319820061326
BraTS-MET-01270-003,t1n,-0.011952877044677734,-0.0034807324409484863,-0.00018712092423811555
BraTS-MET-01270-003,t1c,-0.01222902536392212,0.002182304859161377,-0.0005203522741794586
BraTS-MET-01270-003,t2w,-0.009208619594573975,-0.005267620086669922,-0.00018024625023826957
BraTS-MET-01270-003,t2f,-0.010447144508361816,-0.0023531317710876465,-0.00011592116788960993
BraTS-MET-01276-001,t1n,-0.002367734909057617,-0.004798531532287598,-0.0010260249255225062
BraTS-MET-01276-001,t1c,0.006190299987792969,0.004732966423034668,-0.005131011828780174
BraTS-MET-01276-001,t2w,-0.0018538236618041992,-0.02311617136001587,-0.0003351739142090082
BraTS-MET-01276-001,t2f,0.001551985740661621,-0.008580505847930908,-0.0009620031341910362
BraTS-MET-01284-000,t1n,0.0019426941871643066,0.005806326866149902,-0.0003083866904489696
BraTS-MET-01284-000,t1c,-0.004336357116699219,0.0021675825119018555,-0.00255304342135787
BraTS-MET-01284-000,t2w,-0.008888602256774902,-0.010032236576080322,-0.0005646745557896793
BraTS-MET-01284-000,t2f,-0.002018749713897705,0.0017781257629394531,-0.00034674786729738116
BraTS-MET-01284-002,t1n,-0.004028916358947754,0.0056563615798950195,2.060027327388525e-05
BraTS-MET-01284-002,t1c,-0.004340529441833496,0.009707868099212646,-0.0013406695798039436
BraTS-MET-01284-002,t2w,-0.0085335373878479,-0.0010648369789123535,-0.0010768139036372304
BraTS-MET-01284-002,t2f,-0.006335079669952393,0.004565834999084473,-0.0006042931927368045
BraTS-MET-01287-001,t1n,-0.0031809210777282715,0.0406651496887207,-9.748298907652497e-05
BraTS-MET-01287-001,t1c,0.004382133483886719,0.03330719470977783,0.000864085741341114
BraTS-MET-01287-001,t2w,-0.004913032054901123,0.024717390537261963,-0.001046045043040067
BraTS-MET-01287-001,t2f,-0.007451415061950684,0.02852773666381836,7.988617289811373e-05
BraTS-MET-01287-002,t1n,0.0017412900924682617,0.04599893093109131,-0.0016793555114418268
BraTS-MET-01287-002,t1c,0.010310828685760498,0.10339552164077759,-0.005028878804296255
BraTS-MET-01287-002,t2w,-0.005179882049560547,0.025915443897247314,-0.0014710810501128435
BraTS-MET-01287-002,t2f,0.003578782081604004,0.043721914291381836,-0.0008926860755309463
BraTS-MET-01301-000,t1n,0.007472574710845947,0.11814969778060913,-0.009143623057752848
BraTS-MET-01301-000,t1c,0.015621662139892578,0.14097344875335693,-0.005307130515575409
BraTS-MET-01301-000,t2w,0.000491023063659668,0.07640695571899414,-0.006830863771028817
BraTS-MET-01301-000,t2f,-0.001863718032836914,0.03649407625198364,-0.00045484467409551144
BraTS-MET-01301-001,t1n,0.018815338611602783,0.2595072388648987,-0.027828562073409557
BraTS-MET-01301-001,t1c,0.019067347049713135,0.12903600931167603,-0.013218726962804794
BraTS-MET-01301-001,t2w,0.0024164915084838867,0.1446382999420166,-0.014546609250828624
BraTS-MET-01301-001,t2f,-0.0020601749420166016,0.07826220989227295,-0.0019544610986486077
BraTS-MET-01301-002,t1n,-0.0011751651763916016,-0.0011751651763916016,-5.79215120524168e-05
BraTS-MET-01301-002,t1c,0.021456897258758545,0.021456897258758545,-0.001050472492352128
BraTS-MET-01301-002,t2w,0.0005493760108947754,0.0005493760108947754,-0.0004210243932902813
BraTS-MET-01301-002,t2f,-0.000947117805480957,-0.000947117805480957,-0.00019837147556245327
BraTS-MET-01310-001,t1n,-0.005270123481750488,0.007930636405944824,-0.00039596419082954526
BraTS-MET-01310-001,t1c,-0.018868088722229004,0.004714250564575195,-0.0006709538865834475
BraTS-MET-01310-001,t2w,-0.007576048374176025,0.01078575849533081,4.5748078264296055e-05
BraTS-MET-01310-001,t2f,-0.014950394630432129,0.015669524669647217,-2.7743284590542316e-05
BraTS-MET-01310-002,t1n,-0.012469708919525146,0.0078086256980896,-2.570941433077678e-05
BraTS-MET-01310-002,t1c,-0.012067556381225586,0.011192500591278076,-0.00048339134082198143
BraTS-MET-01310-002,t2w,-0.012815415859222412,-0.0027824044227600098,-0.00016755645629018545
BraTS-MET-01310-002,t2f,-0.01339179277420044,0.005413532257080078,-9.854527888819575e-06
BraTS-MET-01314-002,t1n,-0.013011574745178223,-0.013011574745178223,0.00018308497965335846
BraTS-MET-01314-002,t1c,-0.021963119506835938,-0.021963119506835938,-4.310975782573223e-06
BraTS-MET-01314-002,t2w,-0.009312868118286133,-0.009312868118286133,-1.6096164472401142e-05
BraTS-MET-01314-002,t2f,-0.015343666076660156,-0.015343666076660156,0.00014422659296542406
BraTS-MET-01314-003,t1n,-0.012848854064941406,-0.012848854064941406,0.0001310559455305338
BraTS-MET-01314-003,t1c,-0.029973387718200684,-0.029973387718200684,0.0002926727756857872
BraTS-MET-01314-003,t2w,-0.01011669635772705,-0.01011669635772705,-4.169472958892584e-05
BraTS-MET-01314-003,t2f,-0.012589335441589355,-0.012589335441589355,7.000286132097244e-06
BraTS-MET-01331-002,t1n,-0.01760190725326538,-0.01760190725326538,8.29145428724587e-05
BraTS-MET-01331-002,t1c,-0.01122504472732544,-0.01122504472732544,-3.043870674446225e-05
BraTS-MET-01331-002,t2w,-0.010552644729614258,-0.010552644729614258,9.9336844868958e-05
BraTS-MET-01331-002,t2f,-0.01911526918411255,-0.01911526918411255,6.679812213405967e-05
BraTS-MET-01351-000,t1n,-0.005050003528594971,-0.003786802291870117,-4.9898415454663336e-05
BraTS-MET-01351-000,t1c,-0.0011039376258850098,0.007975935935974121,-0.00013510562712326646
BraTS-MET-01351-000,t2w,-0.007598996162414551,-0.006239056587219238,0.000373903545551002
BraTS-MET-01351-000,t2f,-0.0029090046882629395,-0.005679190158843994,1.4527518942486495e-05
BraTS-MET-01351-002,t1n,-0.00496065616607666,-0.004097998142242432,-3.385884338058531e-05
BraTS-MET-01351-002,t1c,-0.004562854766845703,-0.0032138824462890625,-6.515980930998921e-05
BraTS-MET-01351-002,t2w,-0.011707305908203125,-0.011056065559387207,4.1478779166936874e-07
BraTS-MET-01351-002,t2f,-0.007672369480133057,-0.005651712417602539,-1.8474907847121358e-05
BraTS-MET-01351-003,t1n,-0.007320404052734375,-0.005713403224945068,2.949101326521486e-05
BraTS-MET-01351-003,t1c,-0.00043201446533203125,0.0020081400871276855,0.0003723413683474064
BraTS-MET-01351-003,t2w,-0.012626111507415771,-0.01191490888595581,-9.025557665154338e-05
BraTS-MET-01351-003,t2f,-0.012287020683288574,-0.00891721248626709,0.0003795844386331737
