subject,modality,whole_SSIM,whole_MSE,tumor_SSIM,tumor_MSE,healthy_SSIM,healthy_MSE,KL
BraTS-MET-00006-000,t1n,0.20682865381240845,0.0019362529274076223,0.7288227081298828,0.00023294486163649708,0.5188111662864685,0.0005889525637030602,0.19335344433784485
BraTS-MET-00006-000,t1c,0.21034663915634155,0.0019712201319634914,0.7297616004943848,0.0010125285480171442,0.5270995497703552,0.0010288814082741737,0.19358770549297333
BraTS-MET-00006-000,t2w,0.2039089798927307,0.002157379873096943,0.6928075551986694,0.0005246258806437254,0.5082352161407471,0.0019474816508591175,0.2322911024093628
BraTS-MET-00006-000,t2f,0.20101267099380493,0.0019623448606580496,0.6879003643989563,0.0009007511544041336,0.4979514479637146,0.001134707941673696,0.2214447259902954
BraTS-MET-00009-000,t1n,0.1995253562927246,0.0019419400487095118,0.8619400262832642,0.0005255110445432365,0.526588499546051,0.0008022611145861447,0.20112870633602142
BraTS-MET-00009-000,t1c,0.17179560661315918,0.0026277864817529917,0.7408711910247803,0.0026453027967363596,0.44801580905914307,0.006308976095169783,0.17901843786239624
BraTS-MET-00009-000,t2w,0.18425482511520386,0.0025171185843646526,0.7604319453239441,0.001995560247451067,0.48444974422454834,0.004878972191363573,0.22809553146362305
BraTS-MET-00009-000,t2f,0.19140344858169556,0.0021206450182944536,0.8383746147155762,0.001598565955646336,0.5060201287269592,0.0019312184303998947,0.19288556277751923
BraTS-MET-00014-000,t1n,0.22087925672531128,0.0020669009536504745,0.6959290504455566,0.0007441691122949123,0.5352425575256348,0.0011760304914787412,0.21299628913402557
BraTS-MET-00014-000,t1c,0.22733867168426514,0.002071618800982833,0.7077828049659729,0.0009524195920675993,0.5500390529632568,0.0014859553193673491,0.2209683656692505
BraTS-MET-00014-000,t2w,0.2245236039161682,0.001982974587008357,0.6835929155349731,0.0008429178269580007,0.5359770655632019,0.0015435062814503908,0.2568928301334381
BraTS-MET-00014-000,t2f,0.22014391422271729,0.0019470270490273833,0.680864691734314,0.001031199935823679,0.5285325050354004,0.0008461525430902839,0.2433404177427292
BraTS-MET-00016-000,t1n,0.23650801181793213,0.0018586870282888412,0.6970476508140564,0.0004867271054536104,0.5434470176696777,0.000628591631539166,0.23351183533668518
BraTS-MET-00016-000,t1c,0.23706436157226562,0.0019813382532447577,0.695870041847229,0.0013756838161498308,0.5474514365196228,0.0008852037135511637,0.228346586227417
BraTS-MET-00016-000,t2w,0.24010992050170898,0.001976544037461281,0.6905127167701721,0.0006638529594056308,0.5476478338241577,0.0018227769760414958,0.2803141474723816
BraTS-MET-00016-000,t2f,0.22641277313232422,0.002000743756070733,0.6534803509712219,0.0008140077698044479,0.5147247314453125,0.001694515929557383,0.26855984330177307
BraTS-MET-00019-000,t1n,0.19955259561538696,0.002131957793608308,0.7674532532691956,0.0014303259085863829,0.5170261859893799,0.0012586844386532903,0.17596884071826935
BraTS-MET-00019-000,t1c,0.205458402633667,0.0021226066164672375,0.7764579057693481,0.0013702622381970286,0.532637357711792,0.001149776391685009,0.18263494968414307
BraTS-MET-00019-000,t2w,0.20206111669540405,0.0019445266807451844,0.7430762052536011,0.0010650930926203728,0.5129239559173584,0.001133793848566711,0.2158312052488327
BraTS-MET-00019-000,t2f,0.20422548055648804,0.001920086913742125,0.7634420990943909,0.0011484484421089292,0.5197497010231018,0.0008685210486873984,0.21908698976039886
BraTS-MET-00022-000,t1n,0.17394667863845825,0.0020818538032472134,0.6411705017089844,0.0004756258276756853,0.4857211112976074,0.0008474838105030358,0.1812247782945633
BraTS-MET-00022-000,t1c,0.16576391458511353,0.0023985698353499174,0.6037765741348267,0.0017676259158179164,0.46230006217956543,0.003618573769927025,0.17880387604236603
BraTS-MET-00022-000,t2w,0.1720070242881775,0.002351379720494151,0.6172117590904236,0.001885883160866797,0.47736048698425293,0.003758565289899707,0.20817546546459198
BraTS-MET-00022-000,t2f,0.1706075668334961,0.002057858509942889,0.6156602501869202,0.0015487077180296183,0.46942293643951416,0.0016363034956157207,0.20158056914806366
BraTS-MET-00025-000,t1n,0.19579946994781494,0.0018815447110682726,0.8212329745292664,0.00016711588250473142,0.5065820813179016,0.000787546334322542,0.20294614136219025
BraTS-MET-00025-000,t1c,0.18898558616638184,0.0020246831700205803,0.8116013407707214,0.0003503962652757764,0.4959225654602051,0.0006758922827430069,0.18658053874969482
BraTS-MET-00025-000,t2w,0.18422061204910278,0.002178327413275838,0.7392561435699463,0.0007780415471643209,0.47838205099105835,0.002194982022047043,0.21486817300319672
BraTS-MET-00025-000,t2f,0.1819952130317688,0.0020249378867447376,0.7451089024543762,0.0012341684196144342,0.4680826663970947,0.0015839325496926904,0.21342980861663818
BraTS-MET-00098-000,t1n,0.23015928268432617,0.0018629735568538308,0.9600513577461243,0.00029033437022008,0.5107642412185669,0.0006800895789638162,0.22832493484020233
BraTS-MET-00098-000,t1c,0.16595882177352905,0.003439845982939005,0.6778817176818848,0.009836239740252495,0.3523132801055908,0.010879473760724068,0.22606335580348969
BraTS-MET-00098-000,t2w,0.2181917428970337,0.002393045462667942,0.8530391454696655,0.003262648591771722,0.48384523391723633,0.003766388399526477,0.2759794592857361
BraTS-MET-00098-000,t2f,0.21645188331604004,0.0020056606736034155,0.9158375859260559,0.0006502994801849127,0.481680691242218,0.0007342103635892272,0.24040941894054413
BraTS-MET-00129-000,t1n,0.22630751132965088,0.0019168261205777526,0.8043417930603027,0.0002521434216760099,0.48745131492614746,0.000686823739670217,0.2191619873046875
BraTS-MET-00129-000,t1c,0.17163348197937012,0.003539620665833354,0.5547932386398315,0.01903489977121353,0.36171257495880127,0.009057649411261082,0.21757772564888
BraTS-MET-00129-000,t2w,0.20936954021453857,0.002385869389399886,0.7291021347045898,0.0006577886524610221,0.44876569509506226,0.003752616234123707,0.2485293447971344
BraTS-MET-00129-000,t2f,0.21758127212524414,0.002074385527521372,0.7779747843742371,0.0013201943365857005,0.4694945812225342,0.0011241547763347626,0.22311916947364807
BraTS-MET-00133-000,t1n,0.22524094581604004,0.0019797817803919315,0.6749396920204163,0.0003471114032436162,0.49087071418762207,0.0007474359008483589,0.24647437036037445
BraTS-MET-00133-000,t1c,0.21136248111724854,0.0022395015694200993,0.6380789279937744,0.000826800474897027,0.45995819568634033,0.002157755894586444,0.21447281539440155
BraTS-MET-00133-000,t2w,0.22362464666366577,0.002206724602729082,0.6618805527687073,0.0014088216703385115,0.4859597682952881,0.0027444015722721815,0.27188774943351746
BraTS-MET-00133-000,t2f,0.21981149911880493,0.001946403062902391,0.6598590612411499,0.0009383776341564953,0.4771357774734497,0.000801391142886132,0.2417609691619873
BraTS-MET-00137-000,t1n,0.21308964490890503,0.002149224281311035,0.8930736780166626,0.0003276202187407762,0.4532109498977661,0.0017355976160615683,0.22049985826015472
BraTS-MET-00137-000,t1c,0.15237611532211304,0.0036247409880161285,0.5600970983505249,0.017332207411527634,0.30876922607421875,0.011560744605958462,0.2215472310781479
BraTS-MET-00137-000,t2w,0.22284358739852905,0.0022289962507784367,0.8444971442222595,0.0013885244261473417,0.47503888607025146,0.0025989809073507786,0.2662886679172516
BraTS-MET-00137-000,t2f,0.22283971309661865,0.0018999448511749506,0.8769410252571106,0.0006814163061790168,0.47245699167251587,0.0008628779323771596,0.25661906599998474
BraTS-MET-00147-000,t1n,0.22809761762619019,0.0017955072689801455,0.9536272883415222,0.0004802896291948855,0.4819710850715637,0.0005584748578257859,0.22019748389720917
BraTS-MET-00147-000,t1c,0.18158048391342163,0.0029987336602061987,0.8263192772865295,0.0018914872780442238,0.37476909160614014,0.0082258190959692,0.23325489461421967
BraTS-MET-00147-000,t2w,0.2214604616165161,0.002128665102645755,0.8948959112167358,0.0006306738359853625,0.47160959243774414,0.00185130734462291,0.2541346848011017
BraTS-MET-00147-000,t2f,0.22326791286468506,0.0018610013648867607,0.9145322442054749,0.0014725413639098406,0.47220373153686523,0.0007581994868814945,0.2467944473028183
BraTS-MET-00161-000,t1n,0.22858864068984985,0.0018508576322346926,0.8714752197265625,0.00038359389873221517,0.48957371711730957,0.0006210534484125674,0.2448943704366684
BraTS-MET-00161-000,t1c,0.17365789413452148,0.003188490867614746,0.6777571439743042,0.0034356482792645693,0.36122429370880127,0.009052826091647148,0.23141367733478546
BraTS-MET-00161-000,t2w,0.22155892848968506,0.002227295655757189,0.8242405652999878,0.001002784352749586,0.47519904375076294,0.0028345505706965923,0.2738131284713745
BraTS-MET-00161-000,t2f,0.2283458709716797,0.0018557345028966665,0.8905382752418518,0.0007071871077641845,0.487342894077301,0.0009703823598101735,0.2702910602092743
BraTS-MET-00162-000,t1n,0.2244471311569214,0.0019420323660597205,0.8578324913978577,0.0008552926010452211,0.4798377752304077,0.0007907099206931889,0.23611421883106232
BraTS-MET-00162-000,t1c,0.13617289066314697,0.005116690881550312,0.4721757769584656,0.03040352836251259,0.26961833238601685,0.021721981465816498,0.22587637603282928
BraTS-MET-00162-000,t2w,0.23313164710998535,0.0019103080267086625,0.8714602589607239,0.0004695988027378917,0.49959301948547363,0.0010084931273013353,0.2606886029243469
BraTS-MET-00162-000,t2f,0.21932131052017212,0.0019675379153341055,0.8389742374420166,0.000903834355995059,0.4692081809043884,0.0007706643082201481,0.23794865608215332
BraTS-MET-00167-000,t1n,0.22914022207260132,0.0018363656708970666,0.8360286951065063,0.00031968537950888276,0.5058387517929077,0.0004994290648028255,0.19754819571971893
BraTS-MET-00167-000,t1c,0.22996068000793457,0.0017895263154059649,0.8207302689552307,0.00048350138240493834,0.5050299167633057,0.0007017929456196725,0.20461459457874298
BraTS-MET-00167-000,t2w,0.19832903146743774,0.0025975266471505165,0.6977017521858215,0.0007445826195180416,0.4322166442871094,0.0053736562840640545,0.239634707570076
BraTS-MET-00167-000,t2f,0.22419822216033936,0.0018900720169767737,0.8021213412284851,0.0008967040339484811,0.4926950931549072,0.0008377208141610026,0.25219249725341797
BraTS-MET-00175-000,t1n,0.22244441509246826,0.001981797395274043,0.8791745901107788,0.00046397995902225375,0.4785670042037964,0.0008015310158953071,0.23239374160766602
BraTS-MET-00175-000,t1c,0.15570855140686035,0.0032932255417108536,0.7676787972450256,0.005902346223592758,0.318332314491272,0.009914560243487358,0.2042877972126007
BraTS-MET-00175-000,t2w,0.20408111810684204,0.0024686320684850216,0.8243549466133118,0.0011063598794862628,0.4361284375190735,0.003939672838896513,0.2469037026166916
BraTS-MET-00175-000,t2f,0.22110575437545776,0.0018912821542471647,0.8835281729698181,0.0009398789843544364,0.4731026887893677,0.0007370610837824643,0.24424567818641663
BraTS-MET-00180-000,t1n,0.227697491645813,0.0019047701498493552,0.7908921241760254,0.0002650688693393022,0.4913317561149597,0.0007273402879945934,0.22773964703083038
BraTS-MET-00180-000,t1c,0.11986947059631348,0.004122658632695675,0.3440955877304077,0.014444169588387012,0.22946250438690186,0.015860553830862045,0.21851444244384766
BraTS-MET-00180-000,t2w,0.22997134923934937,0.002046208130195737,0.7805662155151367,0.0004946900298818946,0.4987848997116089,0.0013700755080208182,0.26060062646865845
BraTS-MET-00180-000,t2f,0.21807891130447388,0.002014459576457739,0.7705257534980774,0.0011713140411302447,0.47040748596191406,0.000905671389773488,0.2481248378753662
BraTS-MET-00194-000,t1n,0.22746944427490234,0.0019107857951894403,0.8269319534301758,0.0002711070410441607,0.4699385166168213,0.0007776353158988059,0.23565807938575745
BraTS-MET-00194-000,t1c,0.14873147010803223,0.004460543394088745,0.43351811170578003,0.023731360211968422,0.2921251058578491,0.01653531938791275,0.21781866252422333
BraTS-MET-00194-000,t2w,0.22432845830917358,0.0022304202429950237,0.8132959604263306,0.0003930157981812954,0.46551549434661865,0.00274441996589303,0.26412203907966614
BraTS-MET-00194-000,t2f,0.21949321031570435,0.0019749589264392853,0.8054091334342957,0.0013011902337893844,0.45329105854034424,0.0008134474628604949,0.24376855790615082
BraTS-MET-00195-000,t1n,0.23150980472564697,0.0018380355322733521,0.7782837748527527,0.0003296994837000966,0.5289560556411743,0.0006743827252648771,0.21695803105831146
BraTS-MET-00195-000,t1c,0.12563693523406982,0.003757000435143709,0.39954179525375366,0.009901902638375759,0.2545841336250305,0.01410743873566389,0.2155148983001709
BraTS-MET-00195-000,t2w,0.22302919626235962,0.002045050263404846,0.7513161897659302,0.0005089826881885529,0.5097355842590332,0.0016231884947046638,0.2555898129940033
BraTS-MET-00195-000,t2f,0.22320574522018433,0.0019172532483935356,0.7603431344032288,0.001167935784906149,0.5094043612480164,0.0008021329413168132,0.24051856994628906
BraTS-MET-00200-000,t1n,0.23369616270065308,0.0018010213971138,0.6879691481590271,0.0003216129553038627,0.5020492076873779,0.0007542165694758296,0.22112874686717987
BraTS-MET-00200-000,t1c,0.15632766485214233,0.003822706174105406,0.4294925928115845,0.014537607319653034,0.31901073455810547,0.013360979966819286,0.21843595802783966
BraTS-MET-00200-000,t2w,0.20762872695922852,0.002500544534996152,0.6041349768638611,0.0014083500718697906,0.4460575580596924,0.004482868127524853,0.25408628582954407
BraTS-MET-00200-000,t2f,0.2259218692779541,0.001918392488732934,0.6677752733230591,0.0010334739927202463,0.48756134510040283,0.0007741894805803895,0.24830523133277893
BraTS-MET-00202-000,t1n,0.23479360342025757,0.0018095597624778748,0.8135581016540527,0.0002619798178784549,0.4966856837272644,0.0005668341764248908,0.23553143441677094
BraTS-MET-00202-000,t1c,0.1340411901473999,0.004187370650470257,0.40444427728652954,0.01937008462846279,0.2621018886566162,0.015321912243962288,0.19659824669361115
BraTS-MET-00202-000,t2w,0.19991552829742432,0.002606019377708435,0.6710942983627319,0.0019904410000890493,0.4206188917160034,0.004875580780208111,0.2366752177476883
BraTS-MET-00202-000,t2f,0.22930479049682617,0.0019114150200039148,0.7928246259689331,0.0010418910533189774,0.4867326021194458,0.0007009801920503378,0.2437078058719635
BraTS-MET-00214-000,t1n,0.22795963287353516,0.0019106591353192925,0.8665791153907776,0.0005774226156063378,0.5102869868278503,0.0005739174666814506,0.23699727654457092
BraTS-MET-00214-000,t1c,0.2246112823486328,0.0019225789001211524,0.8680322170257568,0.0007418998866342008,0.502252459526062,0.0007422390044666827,0.20506064593791962
BraTS-MET-00214-000,t2w,0.20288193225860596,0.0026023045647889376,0.7283431887626648,0.002253132639452815,0.4512854814529419,0.0046333144418895245,0.24244557321071625
BraTS-MET-00214-000,t2f,0.1910485029220581,0.002697729505598545,0.7406606674194336,0.0017605365719646215,0.4242568016052246,0.00481764180585742,0.20063428580760956
BraTS-MET-00260-000,t1n,0.22164994478225708,0.0019941614009439945,0.8385371565818787,0.0006797731621190906,0.4926738739013672,0.000634961121249944,0.19940368831157684
BraTS-MET-00260-000,t1c,0.1256210207939148,0.005004839040338993,0.3355112075805664,0.022328337654471397,0.24820315837860107,0.022473834455013275,0.20564083755016327
BraTS-MET-00260-000,t2w,0.1975020170211792,0.0026341951452195644,0.7657851576805115,0.0008423130493611097,0.4346960186958313,0.005138347391039133,0.22999107837677002
BraTS-MET-00260-000,t2f,0.18532955646514893,0.0028340476565063,0.7393400073051453,0.00093244225718081,0.40448063611984253,0.00678191427141428,0.19553907215595245
BraTS-MET-00264-000,t1n,0.22819221019744873,0.0018660662462934852,0.8176337480545044,0.000407325045671314,0.488533616065979,0.00071041687624529,0.2113000899553299
BraTS-MET-00264-000,t1c,0.11805939674377441,0.0031075512524694204,0.3782165050506592,0.005018291994929314,0.2229076623916626,0.009234074503183365,0.19149604439735413
BraTS-MET-00264-000,t2w,0.2253255844116211,0.0018838096875697374,0.8172121644020081,0.0023683265317231417,0.48231637477874756,0.0005901394761167467,0.22504572570323944
BraTS-MET-00264-000,t2f,0.2306792140007019,0.0018750105518847704,0.8211560249328613,0.001694033620879054,0.49448466300964355,0.0005933598149567842,0.22743621468544006
BraTS-MET-00268-000,t1n,0.22639191150665283,0.0019241146510466933,0.8413823843002319,0.00031964172376319766,0.49182289838790894,0.0007892985595390201,0.24637427926063538
BraTS-MET-00268-000,t1c,0.13895368576049805,0.004607671871781349,0.4781097173690796,0.014891834929585457,0.27873551845550537,0.01895732618868351,0.22944633662700653
BraTS-MET-00268-000,t2w,0.20596444606781006,0.0024608296807855368,0.724287211894989,0.002132274443283677,0.44463980197906494,0.0038887180853635073,0.27123579382896423
BraTS-MET-00268-000,t2f,0.21978068351745605,0.0019829082302749157,0.8280895352363586,0.001497753313742578,0.47743988037109375,0.0008765766979195178,0.25029364228248596
BraTS-MET-00292-000,t1n,0.2194233536720276,0.0019890479743480682,0.8297422528266907,0.0005716740852221847,0.45421528816223145,0.0011457079090178013,0.22825674712657928
BraTS-MET-00292-000,t1c,0.1250910758972168,0.004219097085297108,0.39721107482910156,0.006746405269950628,0.23142510652542114,0.017997488379478455,0.2084977626800537
BraTS-MET-00292-000,t2w,0.1983286738395691,0.0025857947766780853,0.7375274300575256,0.0009389906190335751,0.40791261196136475,0.0049009667709469795,0.24574275314807892
BraTS-MET-00292-000,t2f,0.2220078706741333,0.0019157857168465853,0.8312951922416687,0.0015048133209347725,0.45928823947906494,0.0007465226808562875,0.23705267906188965
BraTS-MET-00299-000,t1n,0.21756017208099365,0.001977616688236594,0.7246664762496948,0.00044273267849348485,0.4750661849975586,0.0007502393564209342,0.2214667648077011
BraTS-MET-00299-000,t1c,0.19967758655548096,0.0024352530017495155,0.6537560820579529,0.006172457709908485,0.4344981908798218,0.00280678435228765,0.2248634397983551
BraTS-MET-00299-000,t2w,0.2295129895210266,0.002092227805405855,0.7381097078323364,0.0007214078214019537,0.5015115737915039,0.002095006639137864,0.27692312002182007
BraTS-MET-00299-000,t2f,0.2159876823425293,0.0019690669141709805,0.7059677243232727,0.001037715352140367,0.469207227230072,0.0010500403586775064,0.2460562288761139
BraTS-MET-00300-000,t1n,0.23182052373886108,0.0017941079568117857,0.8423317670822144,0.0002876674698200077,0.49540483951568604,0.000685418548528105,0.21392010152339935
BraTS-MET-00300-000,t1c,0.17385846376419067,0.00327613134868443,0.5493038296699524,0.010045778006315231,0.3620028495788574,0.009455910883843899,0.20973341166973114
BraTS-MET-00300-000,t2w,0.19354724884033203,0.0024736239574849606,0.7385187745094299,0.0006872007506899536,0.4120945930480957,0.003727619769051671,0.24006466567516327
BraTS-MET-00300-000,t2f,0.22670882940292358,0.0019454893190413713,0.8301354050636292,0.0010338714346289635,0.4876682758331299,0.0007743627647869289,0.2544347941875458
BraTS-MET-00380-000,t1n,0.20681363344192505,0.0019651020411401987,0.7599852085113525,0.0005042343400418758,0.48673880100250244,0.0008605790208093822,0.21897199749946594
BraTS-MET-00380-000,t1c,0.20688897371292114,0.0020138523541390896,0.7716050148010254,0.0007141355890780687,0.4908905029296875,0.0009156916639767587,0.20350892841815948
BraTS-MET-00380-000,t2w,0.2141023874282837,0.0018955584382638335,0.780925989151001,0.0006351603078655899,0.5032397508621216,0.0009357668459415436,0.23615765571594238
BraTS-MET-00380-000,t2f,0.20257830619812012,0.0019700853154063225,0.7521167397499084,0.001307714614085853,0.47728025913238525,0.0009389251354150474,0.22502675652503967
BraTS-MET-00532-000,t1n,0.1722555160522461,0.0026819221675395966,0.5667484998703003,0.013746141456067562,0.4072895646095276,0.006062665022909641,0.19713060557842255
BraTS-MET-00532-000,t1c,0.12152844667434692,0.004285491071641445,0.3782583475112915,0.017870215699076653,0.2628042697906494,0.01965639367699623,0.19845937192440033
BraTS-MET-00532-000,t2w,0.19607388973236084,0.0023791755083948374,0.8032659292221069,0.0010263534495607018,0.4696849584579468,0.003766578622162342,0.22859536111354828
BraTS-MET-00532-000,t2f,0.1918860673904419,0.002087812405079603,0.7932804226875305,0.001125889364629984,0.4584348201751709,0.0013210501056164503,0.2228662222623825
BraTS-MET-00552-000,t1n,0.21377074718475342,0.002151458291336894,0.7881879210472107,0.00065917446045205,0.5083541870117188,0.0014778447803109884,0.23680682480335236
BraTS-MET-00552-000,t1c,0.1359269618988037,0.004247342236340046,0.4664143919944763,0.014123029075562954,0.29391008615493774,0.017433464527130127,0.22365951538085938
BraTS-MET-00552-000,t2w,0.22140026092529297,0.002360197715461254,0.7872084975242615,0.0006762567209079862,0.5244833827018738,0.0032023880630731583,0.26201796531677246
BraTS-MET-00552-000,t2f,0.20933151245117188,0.002082427032291889,0.7376261353492737,0.0013832887634634972,0.49019622802734375,0.0017850907752290368,0.24717850983142853
BraTS-MET-00572-000,t1n,0.19084453582763672,0.0024178391322493553,0.8758653998374939,0.00100581010337919,0.46335047483444214,0.0031830836087465286,0.2211301326751709
BraTS-MET-00572-000,t1c,0.11792945861816406,0.004392586648464203,0.0827251672744751,0.03884363919496536,0.25194287300109863,0.01975535787642002,0.22206030786037445
BraTS-MET-00572-000,t2w,0.21117544174194336,0.0020999787375330925,0.9201753735542297,0.002932468894869089,0.5087442398071289,0.0030313425231724977,0.24323995411396027
BraTS-MET-00572-000,t2f,0.19762414693832397,0.0020974106155335903,0.9066030383110046,0.0003482909523881972,0.48152196407318115,0.0008906756993383169,0.20631912350654602
BraTS-MET-00577-001,t1n,0.5002444386482239,0.0015069202054291964,0.8352015018463135,0.00023245680495165288,0.5701848268508911,0.0003379936970304698,0.46819791197776794
BraTS-MET-00577-001,t1c,0.4727940559387207,0.0016765797045081854,0.7592006921768188,0.0013917849864810705,0.5370888113975525,0.0011275310534983873,0.5023259520530701
BraTS-MET-00577-001,t2w,0.47851115465164185,0.0016322378069162369,0.8307280540466309,0.0005839013028889894,0.5463600158691406,0.0007219640538096428,0.5443488955497742
BraTS-MET-00577-001,t2f,0.5028889775276184,0.0014173726085573435,0.8366361260414124,0.0003196918114554137,0.5723515152931213,0.00045007048174738884,0.5128107070922852
BraTS-MET-00613-000,t1n,0.12835782766342163,0.002311580115929246,0.9152280688285828,0.0008310088305734098,0.4794941544532776,0.0015032226219773293,0.1365504264831543
BraTS-MET-00613-000,t1c,0.12488842010498047,0.002289136406034231,0.818047046661377,0.001493598334491253,0.4559882879257202,0.0022004328202456236,0.14087679982185364
BraTS-MET-00613-000,t2w,0.1317039132118225,0.002230649348348379,0.8889851570129395,0.001667208387516439,0.4857546091079712,0.0024331770837306976,0.1526600569486618
BraTS-MET-00613-000,t2f,0.12517929077148438,0.002277262043207884,0.8594408631324768,0.0016925230156630278,0.4602477550506592,0.0017759546171873808,0.14015841484069824
BraTS-MET-00613-001,t1n,0.5458391308784485,0.0013302175793796778,0.7874425649642944,0.0001676043902989477,0.6658843755722046,0.0004332761454861611,0.48293933272361755
BraTS-MET-00613-001,t1c,0.5064444541931152,0.0014874932821840048,0.7227708101272583,0.0003835607785731554,0.6159228086471558,0.0008303285576403141,0.5522570013999939
BraTS-MET-00613-001,t2w,0.5176087021827698,0.0013731415383517742,0.7740325331687927,0.00016621167014818639,0.6320501565933228,0.000521163223311305,0.5851964354515076
BraTS-MET-00613-001,t2f,0.5417455434799194,0.0014131281059235334,0.7828982472419739,0.0002821814559865743,0.6610739827156067,0.0005961286369711161,0.5538239479064941
BraTS-MET-00625-000,t1n,0.5589641332626343,0.0013984242687001824,0.9481598138809204,0.00021917610138189048,0.706341028213501,0.0003509812231641263,0.4766162037849426
BraTS-MET-00625-000,t1c,0.5278962254524231,0.0019786423072218895,0.863580048084259,0.002047357615083456,0.6665613055229187,0.001529028406366706,0.5497638583183289
BraTS-MET-00625-000,t2w,0.5577775835990906,0.0019768220372498035,0.9663009643554688,0.0006555423606187105,0.7070518136024475,0.0006685007829219103,0.6435592174530029
BraTS-MET-00625-000,t2f,0.5401644110679626,0.0017176223918795586,0.9148058891296387,0.0018131458200514317,0.6823207139968872,0.0011278564343228936,0.5208320617675781
BraTS-MET-00663-000,t1n,0.12999320030212402,0.0023099130485206842,0.7676406502723694,0.0011007103603333235,0.49192094802856445,0.001609402010217309,0.14617808163166046
BraTS-MET-00663-000,t1c,0.12331521511077881,0.002313419710844755,0.7028999328613281,0.001439821906387806,0.4544672966003418,0.0026423216331750154,0.14384770393371582
BraTS-MET-00663-000,t2w,0.13362377882003784,0.0022277922835201025,0.7637889385223389,0.0018368855817243457,0.5022785663604736,0.002251237630844116,0.15706436336040497
BraTS-MET-00663-000,t2f,0.1246371865272522,0.00228946004062891,0.7210408449172974,0.0013330638175830245,0.4646208882331848,0.0018945615738630295,0.1353788822889328
BraTS-MET-00682-000,t1n,0.13056814670562744,0.0023033961188048124,0.7778395414352417,0.0014798745978623629,0.4870229959487915,0.0019609529990702868,0.14490295946598053
BraTS-MET-00682-000,t1c,0.12348693609237671,0.0023136651143431664,0.7163668274879456,0.0016392364632338285,0.4520145654678345,0.0024814633652567863,0.14132754504680634
BraTS-MET-00682-000,t2w,0.13044464588165283,0.002244236646220088,0.7649089097976685,0.002900421852245927,0.48270511627197266,0.0025038407184183598,0.1514478176832199
BraTS-MET-00682-000,t2f,0.12833863496780396,0.002267831703647971,0.7630041241645813,0.0027769531589001417,0.47520309686660767,0.0019174761837348342,0.14088261127471924
BraTS-MET-00699-000,t1n,0.12640762329101562,0.002318888669833541,0.8231043815612793,0.0014191633090376854,0.47132885456085205,0.0013531071599572897,0.13820776343345642
BraTS-MET-00699-000,t1c,0.12138491868972778,0.0023433396127074957,0.7840089201927185,0.0020540286786854267,0.44222092628479004,0.002403930528089404,0.14172065258026123
BraTS-MET-00699-000,t2w,0.13384771347045898,0.002138635376468301,0.8716185688972473,0.0014628422213718295,0.49136221408843994,0.001972117694094777,0.152424618601799
BraTS-MET-00699-000,t2f,0.12794524431228638,0.0022511309944093227,0.8424419164657593,0.003313167719170451,0.46952080726623535,0.0019711777567863464,0.1423843652009964
BraTS-MET-00787-000,t1n,0.2269306182861328,0.0019306724425405264,0.909909188747406,0.0014789318665862083,0.5204143524169922,0.001364571857266128,0.2648737132549286
BraTS-MET-00787-000,t1c,0.21684706211090088,0.0021778272930532694,0.8841072916984558,0.000866843678522855,0.5037389993667603,0.0016835762653499842,0.23747721314430237
BraTS-MET-00787-000,t2w,0.2267478108406067,0.0019606321584433317,0.8953838348388672,0.0012539263116195798,0.5206799507141113,0.0014299454633146524,0.25758132338523865
BraTS-MET-00787-000,t2f,0.22439289093017578,0.0019008249510079622,0.8898934721946716,0.001568030216731131,0.5137825012207031,0.0012145336950197816,0.2532341480255127
BraTS-MET-00791-000,t1n,0.19672536849975586,0.001974803628399968,0.9021806120872498,0.0002876017242670059,0.4916483759880066,0.0007496139733120799,0.20453420281410217
BraTS-MET-00791-000,t1c,0.1864081621170044,0.0022496250458061695,0.8163889646530151,0.0013767502969130874,0.4657430648803711,0.002219836227595806,0.20874853432178497
BraTS-MET-00791-000,t2w,0.19781655073165894,0.0020462763495743275,0.8588804006576538,0.001230417052283883,0.4902065396308899,0.0015054905088618398,0.22554044425487518
BraTS-MET-00791-000,t2f,0.19123250246047974,0.0020502859260886908,0.884836733341217,0.0010280583519488573,0.4777582883834839,0.0010177245130762458,0.21638603508472443
BraTS-MET-00796-000,t1n,0.22641229629516602,0.0018839342519640923,0.8743165135383606,0.0002232806000392884,0.5415521860122681,0.0006213115411810577,0.23459993302822113
BraTS-MET-00796-000,t1c,0.22108781337738037,0.0021807109005749226,0.8550949692726135,0.0005150077631697059,0.5309044122695923,0.00210040551610291,0.22614625096321106
BraTS-MET-00796-000,t2w,0.23352497816085815,0.0020768954418599606,0.8401840925216675,0.001317193848080933,0.5559594035148621,0.0018879101844504476,0.27800798416137695
BraTS-MET-00796-000,t2f,0.22427213191986084,0.0019116962794214487,0.8158804178237915,0.0010329973883926868,0.5306763052940369,0.0014122652355581522,0.2718654274940491
BraTS-MET-00799-000,t1n,0.20067358016967773,0.001934219733811915,0.7914271950721741,0.000291787669993937,0.49785006046295166,0.0007982512470334768,0.2117718756198883
BraTS-MET-00799-000,t1c,0.16539150476455688,0.0029438494239002466,0.6330525875091553,0.006471721455454826,0.40676748752593994,0.007612633518874645,0.19315390288829803
BraTS-MET-00799-000,t2w,0.20127320289611816,0.0020431268494576216,0.7580423951148987,0.0010552876628935337,0.4945240020751953,0.001784555148333311,0.23288121819496155
BraTS-MET-00799-000,t2f,0.19843149185180664,0.0020055165514349937,0.7567411661148071,0.0010645383736118674,0.4888579249382019,0.0016095510218292475,0.23569750785827637
BraTS-MET-00807-000,t1n,0.22040510177612305,0.0019783400930464268,0.6771233081817627,0.0006343441782519221,0.523379921913147,0.001107092946767807,0.2493613213300705
BraTS-MET-00807-000,t1c,0.16670280694961548,0.0034059048630297184,0.47796809673309326,0.022746779024600983,0.37688809633255005,0.012010589241981506,0.23088493943214417
BraTS-MET-00807-000,t2w,0.22683602571487427,0.0020779697224497795,0.6850058436393738,0.0009691741433925927,0.5371000170707703,0.0018711716402322054,0.2620772421360016
BraTS-MET-00807-000,t2f,0.21225309371948242,0.0019651823677122593,0.6476557850837708,0.0011437847279012203,0.5014827847480774,0.0010313590755686164,0.23800455033779144
BraTS-MET-01058-001,t1n,0.3363008499145508,0.001871818327344954,0.9660342335700989,0.00022632436593994498,0.648672878742218,0.0005194593104533851,0.3426809310913086
BraTS-MET-01058-001,t1c,0.3238617777824402,0.002409343607723713,0.881671667098999,0.0014040166279301047,0.6240034103393555,0.0020353710278868675,0.37238582968711853
BraTS-MET-01058-001,t2w,0.33919966220855713,0.0020267372019588947,0.9482099413871765,0.0006881815497763455,0.6528028845787048,0.0012344133574515581,0.39605075120925903
BraTS-MET-01058-001,t2f,0.3378206491470337,0.0018550341483205557,0.9464523196220398,0.0007697977707721293,0.6502591967582703,0.0005676153232343495,0.3468276262283325
BraTS-MET-01060-001,t1n,0.2714722156524658,0.0019025334622710943,0.9037099480628967,0.00023063413391355425,0.6088329553604126,0.0007214589859358966,0.30096760392189026
BraTS-MET-01060-001,t1c,0.177800714969635,0.0039270962588489056,0.5899941325187683,0.009563512168824673,0.3803938031196594,0.010366547852754593,0.28481316566467285
BraTS-MET-01060-001,t2w,0.2733147144317627,0.001992757199332118,0.8825423717498779,0.0005991497891955078,0.6125807762145996,0.0013774760300293565,0.33426013588905334
BraTS-MET-01060-001,t2f,0.25952351093292236,0.0019599120132625103,0.8482701182365417,0.0010018391767516732,0.5804800987243652,0.0009456187253817916,0.2926492989063263
BraTS-MET-01096-000,t1n,0.17602252960205078,0.002400533761829138,0.867750883102417,0.001172130461782217,0.4527750015258789,0.0036180459428578615,0.19785940647125244
BraTS-MET-01096-000,t1c,0.13752353191375732,0.003328425344079733,0.8349650502204895,0.0021778400987386703,0.3409455418586731,0.010626337490975857,0.19195862114429474
BraTS-MET-01096-000,t2w,0.18690043687820435,0.0022269997280091047,0.8633818626403809,0.004106451291590929,0.48066604137420654,0.003013308160007,0.23833847045898438
BraTS-MET-01096-000,t2f,0.1798725724220276,0.0021048015914857388,0.8436902165412903,0.0009017323609441519,0.461498498916626,0.0014202859019860625,0.22039666771888733
BraTS-MET-01096-001,t1n,0.18705439567565918,0.0020688290242105722,0.9392703771591187,0.0003852456866297871,0.49594277143478394,0.0009539707680232823,0.20826482772827148
BraTS-MET-01096-001,t1c,0.13544923067092896,0.0030069879721850157,0.5173706412315369,0.012655209749937057,0.3368591070175171,0.008913861587643623,0.20180034637451172
BraTS-MET-01096-001,t2w,0.18579578399658203,0.0020269397646188736,0.8793941736221313,0.0008451052126474679,0.48472023010253906,0.0020193406380712986,0.22567375004291534
BraTS-MET-01096-001,t2f,0.17988842725753784,0.002124821301549673,0.8212220668792725,0.0013128604041412473,0.4697626233100891,0.002188602928072214,0.2309962809085846
BraTS-MET-01096-002,t1n,0.19087910652160645,0.0020705987699329853,0.9431852698326111,0.0004229640180710703,0.49283289909362793,0.0009328296291641891,0.21499310433864594
BraTS-MET-01096-002,t1c,0.135941743850708,0.002946338150650263,0.5253105759620667,0.013094502501189709,0.3303762674331665,0.008121934719383717,0.20378756523132324
BraTS-MET-01096-002,t2w,0.18445473909378052,0.002091557951644063,0.8939550518989563,0.000730576051864773,0.47087669372558594,0.0018134592100977898,0.22091031074523926
BraTS-MET-01096-002,t2f,0.17924845218658447,0.0020896068308502436,0.8339223265647888,0.0016597019275650382,0.4539262056350708,0.0020614969544112682,0.22560010850429535
BraTS-MET-01105-001,t1n,0.8127874732017517,0.0003734203928615898,0.9694225788116455,0.00010170995665248483,0.8127874732017517,0.0002014884230447933,0.6485816836357117
BraTS-MET-01105-001,t1c,0.7376338839530945,0.0011825805995613337,0.9131767749786377,0.0009001748985610902,0.7376338839530945,0.0009992691921070218,0.6449428796768188
BraTS-MET-01105-001,t2w,0.7421899437904358,0.0012589562684297562,0.94671630859375,0.0009193110163323581,0.7421899437904358,0.0007515701581723988,0.6958102583885193
BraTS-MET-01105-001,t2f,0.7951990365982056,0.0005943205906078219,0.9691503047943115,0.00011741586786229163,0.7951990365982056,0.0001961767702596262,0.7640917301177979
BraTS-MET-01105-002,t1n,0.7848883271217346,0.0005693250568583608,0.9501066207885742,0.00021484670287463814,0.7848883271217346,0.00021381604892667383,0.7223613262176514
BraTS-MET-01105-002,t1c,0.7451866865158081,0.0011847146088257432,0.9239205121994019,0.0008120129932649434,0.7451866865158081,0.0009738021763041615,0.653423011302948
BraTS-MET-01105-002,t2w,0.7451825737953186,0.0012631635181605816,0.9449021816253662,0.0011147934710606933,0.7451825737953186,0.0007993646431714296,0.695325493812561
BraTS-MET-01105-002,t2f,0.7897458672523499,0.0006617216859012842,0.9625132083892822,0.00012840829731430858,0.7897458672523499,0.0002250775578431785,0.7728074789047241
BraTS-MET-01109-001,t1n,0.5807691812515259,0.001213586307130754,0.8357378244400024,0.00015586217341478914,0.5987449884414673,0.00027351579046808183,0.5098755955696106
BraTS-MET-01109-001,t1c,0.4864996075630188,0.002368226181715727,0.7251341938972473,0.005218381993472576,0.5016868710517883,0.0026242316234856844,0.5355804562568665
BraTS-MET-01109-001,t2w,0.5501014590263367,0.0014463372062891722,0.8260606527328491,0.00039697502506896853,0.5675443410873413,0.0005989816854707897,0.5500341653823853
BraTS-MET-01109-001,t2f,0.5571249723434448,0.0012958402512595057,0.8045220375061035,0.00023285101633518934,0.5743469595909119,0.00043156574247404933,0.5700607299804688
BraTS-MET-01109-002,t1n,0.5868266224861145,0.0011887422297149897,0.830451250076294,0.00010217088856734335,0.6013518571853638,0.0002609639777801931,0.5186273455619812
BraTS-MET-01109-002,t1c,0.4723502993583679,0.002507210010662675,0.6969807147979736,0.0071566905826330185,0.4841430187225342,0.0029146713204681873,0.50760817527771
BraTS-MET-01109-002,t2w,0.5521888136863708,0.001453910255804658,0.8136245608329773,0.0006270627491176128,0.5661928653717041,0.0006123317871242762,0.5502380728721619
BraTS-MET-01109-002,t2f,0.5604762434959412,0.00128752866294235,0.8008151054382324,0.0002308725961484015,0.574539303779602,0.00045824298285879195,0.5826372504234314
BraTS-MET-01109-003,t1n,0.5425453186035156,0.0016643352573737502,0.8748822212219238,0.0008856987114995718,0.5596928596496582,0.0007225125445984304,0.5875245332717896
BraTS-MET-01109-003,t1c,0.5298131108283997,0.0021317224018275738,0.9422916769981384,0.0031336480751633644,0.5463453531265259,0.0021814480423927307,0.5288738012313843
BraTS-MET-01109-003,t2w,0.5458312630653381,0.0017853339668363333,0.8940005302429199,0.0025994651950895786,0.5629884004592896,0.001015501911751926,0.596167266368866
BraTS-MET-01109-003,t2f,0.5439663529396057,0.0013421988114714622,0.9097345471382141,0.0005112437065690756,0.5606895685195923,0.0006086499197408557,0.6120426058769226
BraTS-MET-01117-001,t1n,0.8443349599838257,0.000703569850884378,0.9591804146766663,0.00036377969081513584,0.8443349599838257,0.0007464427617378533,0.6492835879325867
BraTS-MET-01117-001,t1c,0.8091467618942261,0.0008298741886392236,0.9232699871063232,0.0009658379713073373,0.8091467618942261,0.0008428071159869432,0.7667945027351379
BraTS-MET-01117-001,t2w,0.7850788831710815,0.001055471715517342,0.9280333518981934,0.0009709380101412535,0.7850788831710815,0.0006536542787216604,0.7790856957435608
BraTS-MET-01117-001,t2f,0.8293699622154236,0.0005258966120891273,0.9710758924484253,6.310699973255396e-05,0.8293699622154236,0.00025666921283118427,0.7863470315933228
BraTS-MET-01117-002,t1n,0.8377201557159424,0.00037938429159112275,0.9738631248474121,5.720708941225894e-05,0.8377201557159424,0.00018260169599670917,0.6964942216873169
BraTS-MET-01117-002,t1c,0.8025500178337097,0.0007644734578207135,0.9466019868850708,0.0009922449244186282,0.8025500178337097,0.0006347089074552059,0.7551185488700867
BraTS-MET-01117-002,t2w,0.8217278122901917,0.0010348756331950426,0.9633683562278748,0.0007568786386400461,0.8217278122901917,0.0006410065107047558,0.830395519733429
BraTS-MET-01117-002,t2f,0.859548807144165,0.0004057994519826025,0.9614337086677551,0.00010924758680630475,0.859548807144165,0.00019775745749939233,0.8085306286811829
BraTS-MET-01117-003,t1n,0.8621941208839417,0.0003230305446777493,0.8621941208839417,0.0003230305446777493,0.8621941208839417,0.00018168649694416672,0.713047444820404
BraTS-MET-01117-003,t1c,0.8065207600593567,0.0007219992112368345,0.8065207600593567,0.0007219992112368345,0.8065207600593567,0.0005957114626653492,0.7835869789123535
BraTS-MET-01117-003,t2w,0.8196051716804504,0.0010249176993966103,0.8196051716804504,0.0010249176993966103,0.8196051716804504,0.0006419390556402504,0.8245518803596497
BraTS-MET-01117-003,t2f,0.8591522574424744,0.00032873376039788127,0.8591522574424744,0.00032873376039788127,0.8591522574424744,0.0001921188086271286,0.7710761427879333
BraTS-MET-01119-000,t1n,0.7504333853721619,0.0005482606356963515,0.9719680547714233,0.00015244247333612293,0.7504333853721619,0.00029708477086387575,0.603238582611084
BraTS-MET-01119-000,t1c,0.721333920955658,0.0008795470930635929,0.9151630997657776,0.0003939528251066804,0.721333920955658,0.0007225637091323733,0.6566845774650574
BraTS-MET-01119-000,t2w,0.7055624723434448,0.0014509378233924508,0.9535680413246155,0.0008182665333151817,0.7055624723434448,0.0009048042120411992,0.6971964836120605
BraTS-MET-01119-000,t2f,0.7396225333213806,0.0005750734708271921,0.9683098793029785,0.0003154493751935661,0.7396225333213806,0.0002464608696755022,0.6664571762084961
BraTS-MET-01119-001,t1n,0.7743688821792603,0.0004925733082927763,0.9628626704216003,0.0002716608578339219,0.7743688821792603,0.0002975206880364567,0.623879611492157
BraTS-MET-01119-001,t1c,0.7095954418182373,0.001276900409720838,0.9022566676139832,0.0008184214239008725,0.7095954418182373,0.0010810692328959703,0.6610420346260071
BraTS-MET-01119-001,t2w,0.709706723690033,0.0014392912853509188,0.9463868737220764,0.0005349311977624893,0.709706723690033,0.0007429191027767956,0.6834520697593689
BraTS-MET-01119-001,t2f,0.7464349865913391,0.0007421570480801165,0.9669773578643799,0.00015557695587631315,0.7464349865913391,0.00021845527226105332,0.7105148434638977
BraTS-MET-01119-003,t1n,0.7786225080490112,0.0005476876394823194,0.962799072265625,0.0003558870521374047,0.7786225080490112,0.00042108961497433484,0.5888099074363708
BraTS-MET-01119-003,t1c,0.7222980856895447,0.0011486727744340897,0.9167528748512268,0.0006700673257000744,0.7222980856895447,0.0008814905304461718,0.6552647948265076
BraTS-MET-01119-003,t2w,0.7124409675598145,0.0014911213656887412,0.9422942996025085,0.0005573018570430577,0.7124409675598145,0.0007915698224678636,0.69583660364151
BraTS-MET-01119-003,t2f,0.7501687407493591,0.0008012832840904593,0.9623886346817017,0.0001632126368349418,0.7501687407493591,0.0002433424087939784,0.7144412994384766
BraTS-MET-01134-000,t1n,0.17830967903137207,0.002041656756773591,0.8800240159034729,0.0003948336816392839,0.4789550304412842,0.0010638346429914236,0.1945772022008896
BraTS-MET-01134-000,t1c,0.13886362314224243,0.0032790829427540302,0.4964597225189209,0.02963266335427761,0.3590344190597534,0.011579683981835842,0.17869625985622406
BraTS-MET-01134-000,t2w,0.16468238830566406,0.002558378968387842,0.8075694441795349,0.002814183011651039,0.4359778165817261,0.005942772142589092,0.2170543670654297
BraTS-MET-01134-000,t2f,0.1670820116996765,0.002121871104463935,0.847993016242981,0.0006752629415132105,0.4451338052749634,0.001561944023706019,0.2040451020002365
BraTS-MET-01134-003,t1n,0.17417848110198975,0.0021111811511218548,0.7363429665565491,0.004877598024904728,0.4727414846420288,0.002407271880656481,0.20954923331737518
BraTS-MET-01134-003,t1c,0.10869729518890381,0.004203867632895708,0.33076393604278564,0.026755597442388535,0.2632613778114319,0.02129465900361538,0.18650904297828674
BraTS-MET-01134-003,t2w,0.16890138387680054,0.002396754454821348,0.804945707321167,0.0034846810158342123,0.45906972885131836,0.004307364113628864,0.2105969935655594
BraTS-MET-01134-003,t2f,0.16650313138961792,0.0021221095230430365,0.7075767517089844,0.0006630847929045558,0.4449425935745239,0.003054317319765687,0.21833741664886475
BraTS-MET-01149-000,t1n,0.8004773259162903,0.0006699117366224527,0.9180232882499695,0.0003601965436246246,0.8004773259162903,0.0003075235872529447,0.8976170420646667
BraTS-MET-01149-000,t1c,0.780002772808075,0.0007553567411378026,0.88740074634552,0.0008760253549553454,0.780002772808075,0.0006056993152014911,0.8218631148338318
BraTS-MET-01149-000,t2w,0.7905904650688171,0.0010375382844358683,0.9236214756965637,0.0001845831866376102,0.7905904650688171,0.0007982524111866951,0.7622236609458923
BraTS-MET-01149-000,t2f,0.775797963142395,0.0007587024010717869,0.9010862708091736,0.00027657911414280534,0.775797963142395,0.00045819111983291805,0.9084734916687012
BraTS-MET-01149-001,t1n,0.8151231408119202,0.0004013078287243843,0.9609474539756775,0.00017044191190507263,0.8151231408119202,0.0001539845543447882,0.6987863779067993
BraTS-MET-01149-001,t1c,0.8149526715278625,0.0006838502013124526,0.9255864024162292,0.0008395934710279107,0.8149526715278625,0.0006135288858786225,0.727823793888092
BraTS-MET-01149-001,t2w,0.7669357061386108,0.00109611707739532,0.9449307918548584,0.00038653117371723056,0.7669357061386108,0.0007082969532348216,0.7736346125602722
BraTS-MET-01149-001,t2f,0.7827947735786438,0.00066895701456815,0.9545827507972717,0.00013270569615997374,0.7827947735786438,0.0003089563106186688,0.7743597626686096
BraTS-MET-01172-001,t1n,0.20656824111938477,0.002046631183475256,0.814644992351532,0.0006718236836604774,0.46918344497680664,0.0008056033402681351,0.21421639621257782
BraTS-MET-01172-001,t1c,0.14172649383544922,0.005018332973122597,0.47495079040527344,0.025563156232237816,0.3004450798034668,0.02110973559319973,0.22274895012378693
BraTS-MET-01172-001,t2w,0.2088162899017334,0.0021707480773329735,0.7779389023780823,0.0010418122401461005,0.47121894359588623,0.0024927426129579544,0.2535181939601898
BraTS-MET-01172-001,t2f,0.2086350917816162,0.0019992594607174397,0.8113121390342712,0.0008155535906553268,0.4714924097061157,0.0011007885914295912,0.23712925612926483
BraTS-MET-01172-002,t1n,0.20919835567474365,0.0020553446374833584,0.7770475149154663,0.0009049071231856942,0.47012317180633545,0.0010283254086971283,0.23083870112895966
BraTS-MET-01172-002,t1c,0.1572972536087036,0.00423008855432272,0.4451521635055542,0.01552874967455864,0.3368661403656006,0.0160016268491745,0.22535596787929535
BraTS-MET-01172-002,t2w,0.21840524673461914,0.0020830207504332066,0.7909180521965027,0.0024208056274801493,0.4904649257659912,0.002011100295931101,0.2675766944885254
BraTS-MET-01172-002,t2f,0.21170181035995483,0.0019621136598289013,0.7787625193595886,0.0014049874152988195,0.4716484546661377,0.00138309714384377,0.25365719199180603
BraTS-MET-01172-004,t1n,0.21738147735595703,0.0019243244314566255,0.773202121257782,0.0002548625343479216,0.4903348684310913,0.0008115589153021574,0.23187537491321564
BraTS-MET-01172-004,t1c,0.12905120849609375,0.00411560945212841,0.3242511749267578,0.012796449474990368,0.26440703868865967,0.01593220792710781,0.2116144746541977
BraTS-MET-01172-004,t2w,0.21417933702468872,0.0021195372100919485,0.7340203523635864,0.0011641811579465866,0.48056572675704956,0.0025110577698796988,0.26707977056503296
BraTS-MET-01172-004,t2f,0.20574891567230225,0.001998685533180833,0.7092326879501343,0.0009990483522415161,0.4607580900192261,0.0013112550368532538,0.24690189957618713
BraTS-MET-01180-000,t1n,0.2029109001159668,0.002043158747255802,0.8580921292304993,0.0006345695001073182,0.48988986015319824,0.0009685578988865018,0.24441301822662354
BraTS-MET-01180-000,t1c,0.1891024112701416,0.0025659638922661543,0.7872719168663025,0.00371091952547431,0.45339369773864746,0.004358496516942978,0.2291029691696167
BraTS-MET-01180-000,t2w,0.19806009531021118,0.0021944635082036257,0.8796772360801697,0.002391151385381818,0.4753096103668213,0.002409882377833128,0.24828080832958221
BraTS-MET-01180-000,t2f,0.19760888814926147,0.002031393349170685,0.8708062767982483,0.002394141163676977,0.4740394353866577,0.0012230118736624718,0.2338182032108307
BraTS-MET-01180-003,t1n,0.20496320724487305,0.0020401785150170326,0.8862830996513367,0.0012686101254075766,0.49464893341064453,0.0009753695921972394,0.22873322665691376
BraTS-MET-01180-003,t1c,0.17863494157791138,0.0032007235568016768,0.7698517441749573,0.0018696404295042157,0.4233272075653076,0.00894322618842125,0.2286437600851059
BraTS-MET-01180-003,t2w,0.197066068649292,0.0022683260031044483,0.8448197841644287,0.0025790641084313393,0.4730808734893799,0.0027054345700889826,0.2492118924856186
BraTS-MET-01180-003,t2f,0.19817405939102173,0.00204188609495759,0.8376361131668091,0.0021912262309342623,0.4735226631164551,0.0014884721022099257,0.2405988723039627
BraTS-MET-01181-001,t1n,0.2694922685623169,0.0018811546033248305,0.8697216510772705,0.000322500680340454,0.5833389163017273,0.0006736079812981188,0.27115297317504883
BraTS-MET-01181-001,t1c,0.16609400510787964,0.004639286547899246,0.42881274223327637,0.010164628736674786,0.3410288691520691,0.01405560877174139,0.27672266960144043
BraTS-MET-01181-001,t2w,0.26187729835510254,0.0020217851269990206,0.8361294865608215,0.0008510334882885218,0.5679445266723633,0.0010936990147456527,0.2930610179901123
BraTS-MET-01181-001,t2f,0.266660213470459,0.0018340721726417542,0.8465015292167664,0.0018658804474398494,0.576521635055542,0.0005732332356274128,0.2716747224330902
BraTS-MET-01181-002,t1n,0.2474239468574524,0.002620009472593665,0.7768194079399109,0.0025542890653014183,0.5407005548477173,0.0013690347550436854,0.2936367690563202
BraTS-MET-01181-002,t1c,0.18412494659423828,0.005274356808513403,0.540429949760437,0.008768314495682716,0.38269585371017456,0.016752557829022408,0.27319127321243286
BraTS-MET-01181-002,t2w,0.2543242573738098,0.0023368620313704014,0.8010097146034241,0.0015545687638223171,0.547543466091156,0.0024394483771175146,0.3112909495830536
BraTS-MET-01181-002,t2f,0.16720294952392578,0.003927136771380901,0.44877809286117554,0.003881400916725397,0.3358060121536255,0.011328501626849174,0.2865677773952484
BraTS-MET-01187-000,t1n,0.7034820318222046,0.0007799725281074643,0.783872663974762,0.000873468816280365,0.7034820318222046,0.00047736940905451775,0.5680226683616638
BraTS-MET-01187-000,t1c,0.6657209992408752,0.0015156320296227932,0.7124834656715393,0.0035045971162617207,0.6657209992408752,0.001329151215031743,0.6796701550483704
BraTS-MET-01187-000,t2w,0.652215301990509,0.0016199942911043763,0.6951518654823303,0.0004393496783450246,0.652215301990509,0.0007866051746532321,0.6553342342376709
BraTS-MET-01187-000,t2f,0.6713016033172607,0.0010813295375555754,0.7333745956420898,0.00037228610017336905,0.6713016033172607,0.00030885456362739205,0.6820418238639832
BraTS-MET-01187-001,t1n,0.7410690784454346,0.000610482762567699,0.7410690784454346,0.000610482762567699,0.7410690784454346,0.00029924415866844356,0.5557543635368347
BraTS-MET-01187-001,t1c,0.6416935920715332,0.0015593572752550244,0.6416935920715332,0.0015593572752550244,0.6416935920715332,0.0011559576960280538,0.6137005090713501
BraTS-MET-01187-001,t2w,0.6652504801750183,0.0012591439299285412,0.6652504801750183,0.0012591439299285412,0.6652504801750183,0.00047570429160259664,0.6821135878562927
BraTS-MET-01187-001,t2f,0.6753072738647461,0.0011728735407814384,0.6753072738647461,0.0011728735407814384,0.6753072738647461,0.00032137773814611137,0.6489731669425964
BraTS-MET-01187-003,t1n,0.6999630928039551,0.000710903899744153,0.6999630928039551,0.000710903899744153,0.6999630928039551,0.0002709892869461328,0.5560590028762817
BraTS-MET-01187-003,t1c,0.6653304696083069,0.00140151078812778,0.6653304696083069,0.00140151078812778,0.6653304696083069,0.0011489662574604154,0.6595731973648071
BraTS-MET-01187-003,t2w,0.6627376079559326,0.0016322138253599405,0.6627376079559326,0.0016322138253599405,0.6627376079559326,0.0007532718009315431,0.6704815030097961
BraTS-MET-01187-003,t2f,0.6872013211250305,0.0007815887220203876,0.6872013211250305,0.0007815887220203876,0.6872013211250305,0.00024173990823328495,0.647122323513031
BraTS-MET-01191-001,t1n,0.5465183854103088,0.0010989777510985732,0.9672228693962097,0.00014131453644949943,0.5630812048912048,0.0002524222363717854,0.470956414937973
BraTS-MET-01191-001,t1c,0.4083549976348877,0.002715719398111105,0.7354283928871155,0.0032591642811894417,0.4209146499633789,0.0035274445544928312,0.5150244235992432
BraTS-MET-01191-001,t2w,0.500012993812561,0.0014885040000081062,0.947262704372406,0.00024475445388816297,0.5158876180648804,0.0005227375077083707,0.5372965335845947
BraTS-MET-01191-001,t2f,0.5355371236801147,0.0013438869500532746,0.9709122180938721,0.00029316332074813545,0.5520829558372498,0.00028685288270935416,0.5237712264060974
BraTS-MET-01191-002,t1n,0.5524592995643616,0.001174951670691371,0.95311039686203,0.00012822766439057887,0.5622419118881226,0.0003029140061698854,0.4724767804145813
BraTS-MET-01191-002,t1c,0.40240705013275146,0.0029698300641030073,0.7520777583122253,0.002580197062343359,0.40978264808654785,0.004007203970104456,0.4835669696331024
BraTS-MET-01191-002,t2w,0.5067571401596069,0.0015181361231952906,0.937200665473938,0.0002610366209410131,0.5162413716316223,0.0005892605986446142,0.5481894612312317
BraTS-MET-01191-002,t2f,0.5285252332687378,0.0015295144403353333,0.9400162100791931,0.00019772315863519907,0.5380426645278931,0.0004361250903457403,0.5495772361755371
BraTS-MET-01191-003,t1n,0.5411017537117004,0.0012109081726521254,0.9454194903373718,0.0002135593385901302,0.5578020811080933,0.00032022083178162575,0.45874905586242676
BraTS-MET-01191-003,t1c,0.435366153717041,0.0025918809697031975,0.7796646952629089,0.002810732927173376,0.44895869493484497,0.003094407729804516,0.5111135244369507
BraTS-MET-01191-003,t2w,0.5153490304946899,0.0015378959942609072,0.9268097877502441,0.0004246473254170269,0.5317137241363525,0.0005930475890636444,0.5478689074516296
BraTS-MET-01191-003,t2f,0.5265100002288818,0.0014983004657551646,0.933853805065155,0.0002496841480024159,0.5426739454269409,0.00045216683065518737,0.5518344640731812
BraTS-MET-01191-004,t1n,0.5349740982055664,0.0012664592359215021,0.9137146472930908,0.00014915436622686684,0.5584921836853027,0.0003443984896875918,0.48951131105422974
BraTS-MET-01191-004,t1c,0.4270176887512207,0.0026056203059852123,0.7190507650375366,0.002218561014160514,0.4454941749572754,0.0031998951453715563,0.5143863558769226
BraTS-MET-01191-004,t2w,0.5332874655723572,0.0014658041764050722,0.9067824482917786,0.0002950098423752934,0.5569053888320923,0.0005511952913366258,0.566408097743988
BraTS-MET-01191-004,t2f,0.530575156211853,0.0014460742240771651,0.8996859192848206,0.00020466656133066863,0.5537538528442383,0.00044254231033846736,0.5523573756217957
BraTS-MET-01217-000,t1n,0.5959249138832092,0.0011007854482159019,0.8016374111175537,0.00022129673743620515,0.6314271688461304,0.000250032200710848,0.5233380794525146
BraTS-MET-01217-000,t1c,0.4443451166152954,0.0023526004515588284,0.6020493507385254,0.0038927493151277304,0.47041308879852295,0.0026841505896300077,0.5381529331207275
BraTS-MET-01217-000,t2w,0.58039391040802,0.0014293624553829432,0.7731162905693054,0.0007609908934682608,0.6149063110351562,0.0005814778269268572,0.6046211123466492
BraTS-MET-01217-000,t2f,0.5620387196540833,0.0013530582655221224,0.7718518972396851,0.0002751673455350101,0.5957172513008118,0.00039792622555978596,0.5727500319480896
BraTS-MET-01217-002,t1n,0.5353067517280579,0.0012278069043532014,0.5353067517280579,0.0012278069043532014,0.5633842349052429,0.00036939390702173114,0.4957597851753235
BraTS-MET-01217-002,t1c,0.5587010383605957,0.001724921865388751,0.5587010383605957,0.001724921865388751,0.5882999300956726,0.0014056507498025894,0.49375230073928833
BraTS-MET-01217-002,t2w,0.5430651903152466,0.0016907055396586657,0.5430651903152466,0.0016907055396586657,0.5719476938247681,0.0008542235591448843,0.6120398640632629
BraTS-MET-01217-002,t2f,0.5787683725357056,0.0012268226128071547,0.5787683725357056,0.0012268226128071547,0.6091251373291016,0.0004090584989171475,0.6058468818664551
BraTS-MET-01217-003,t1n,0.5886424779891968,0.0011569184716790915,0.5886424779891968,0.0011569184716790915,0.6196425557136536,0.00026503464323468506,0.5697564482688904
BraTS-MET-01217-003,t1c,0.5146022439002991,0.0020069326274096966,0.5146022439002991,0.0020069326274096966,0.5416094064712524,0.0020145007874816656,0.5624091029167175
BraTS-MET-01217-003,t2w,0.554177463054657,0.0015224746894091368,0.554177463054657,0.0015224746894091368,0.5836240649223328,0.0005990731879137456,0.6003609895706177
BraTS-MET-01217-003,t2f,0.5757236480712891,0.0012888647615909576,0.5757236480712891,0.0012888647615909576,0.6061096787452698,0.0004150749882683158,0.5893409848213196
BraTS-MET-01250-001,t1n,0.2675356864929199,0.0019576954655349255,0.9491793513298035,0.0002972673100885004,0.599690318107605,0.00070207379758358,0.2918708920478821
BraTS-MET-01250-001,t1c,0.18160605430603027,0.0040578837506473064,0.45696842670440674,0.010411047376692295,0.3878899812698364,0.01132394839078188,0.28470176458358765
BraTS-MET-01250-001,t2w,0.2600381374359131,0.0019330962095409632,0.9249259829521179,0.00046695914352312684,0.5780568718910217,0.0011380943469703197,0.29512614011764526
BraTS-MET-01250-001,t2f,0.2542625665664673,0.001925628399476409,0.8455325961112976,0.00954839214682579,0.5618912577629089,0.001311056432314217,0.30275067687034607
BraTS-MET-01250-003,t1n,0.26785051822662354,0.0019486087840050459,0.26785051822662354,0.0019486087840050459,0.5966416001319885,0.0007022634381428361,0.2665480077266693
BraTS-MET-01250-003,t1c,0.16095393896102905,0.0041605937294662,0.16095393896102905,0.0041605937294662,0.3362557888031006,0.01177510991692543,0.274271160364151
BraTS-MET-01250-003,t2w,0.26207947731018066,0.0019272209610790014,0.26207947731018066,0.0019272209610790014,0.5805220007896423,0.001059076632373035,0.29370537400245667
BraTS-MET-01250-003,t2f,0.2586787939071655,0.0018938910216093063,0.2586787939071655,0.0018938910216093063,0.5686410665512085,0.0012680478394031525,0.30309972167015076
BraTS-MET-01268-002,t1n,0.8784746527671814,0.00029375054873526096,0.9504916071891785,0.00020113345817662776,0.8784746527671814,0.00019695135415531695,0.7004624605178833
BraTS-MET-01268-002,t1c,0.8633038401603699,0.0004989427980035543,0.9529523849487305,0.000512793252710253,0.8633038401603699,0.0003287633298896253,0.7382907271385193
BraTS-MET-01268-002,t2w,0.8527659177780151,0.0008271445403806865,0.9332358837127686,0.0005603237077593803,0.8527659177780151,0.0007335603586398065,0.8064780235290527
BraTS-MET-01268-002,t2f,0.8677302598953247,0.0003395047679077834,0.9492796063423157,0.00026940458337776363,0.8677302598953247,0.00021991910762153566,0.7618984580039978
BraTS-MET-01270-001,t1n,0.6609205603599548,0.0008347813854925334,0.881356954574585,0.00014679341984447092,0.6609205603599548,0.000283685396425426,0.5487231612205505
BraTS-MET-01270-001,t1c,0.5645546913146973,0.001764031476341188,0.7731792330741882,0.0014128406764939427,0.5645546913146973,0.0016604091506451368,0.6225643754005432
BraTS-MET-01270-001,t2w,0.6096779108047485,0.001375724095851183,0.8557025790214539,0.00035982084227725863,0.6096779108047485,0.0006628521368838847,0.6459196209907532
BraTS-MET-01270-001,t2f,0.6360470056533813,0.0009726729476824403,0.8565425276756287,0.0003180613275617361,0.6360470056533813,0.0003902780881617218,0.6032295823097229
BraTS-MET-01270-002,t1n,0.6442247629165649,0.0010472346330061555,0.8951119184494019,0.00031231497996486723,0.6442247629165649,0.0004353346594143659,0.5478358268737793
BraTS-MET-01270-002,t1c,0.5968414545059204,0.0015199646586552262,0.839180052280426,0.0016527341213077307,0.5968414545059204,0.0013172448379918933,0.5911681056022644
BraTS-MET-01270-002,t2w,0.5919646620750427,0.0017154337838292122,0.8609963655471802,0.0007927531260065734,0.5919646620750427,0.0009872681694105268,0.6426147222518921
BraTS-MET-01270-002,t2f,0.6511515378952026,0.0009275564225390553,0.8907840847969055,0.0004266600590199232,0.6511515378952026,0.0003549225511960685,0.5975581407546997
BraTS-MET-01270-003,t1n,0.6543493866920471,0.0012484637554734945,0.8880535960197449,0.00023828816483728588,0.6543493866920471,0.0003753371420316398,0.6751385927200317
BraTS-MET-01270-003,t1c,0.5992993712425232,0.0013751268852502108,0.8145264983177185,0.0013863074127584696,0.5992993712425232,0.0012177327880635858,0.6368392109870911
BraTS-MET-01270-003,t2w,0.6159828305244446,0.0015530791133642197,0.8663107752799988,0.0005837901844643056,0.6159828305244446,0.0007955346954986453,0.6782444715499878
BraTS-MET-01270-003,t2f,0.6638593077659607,0.0012148027308285236,0.8825018405914307,0.0003026893828064203,0.6638593077659607,0.00035643871524371207,0.7017821669578552
BraTS-MET-01276-001,t1n,0.24719130992889404,0.0019852996338158846,0.7554208040237427,0.0006434695096686482,0.5691807866096497,0.0008379820501431823,0.23963692784309387
BraTS-MET-01276-001,t1c,0.1899780035018921,0.004329559858888388,0.49028968811035156,0.00942646898329258,0.4233253002166748,0.013005724176764488,0.2580759823322296
BraTS-MET-01276-001,t2w,0.24496501684188843,0.0022245231084525585,0.5922688245773315,0.0020281183533370495,0.564736545085907,0.0018804287537932396,0.2908587157726288
BraTS-MET-01276-001,t2f,0.24590957164764404,0.0018374777864664793,0.7039400339126587,0.0031881174072623253,0.5561639070510864,0.0013307422632351518,0.295609712600708
BraTS-MET-01284-000,t1n,0.3469398617744446,0.0018345616990700364,0.685934841632843,0.0002763511729426682,0.6437430381774902,0.0005737952888011932,0.3905256688594818
BraTS-MET-01284-000,t1c,0.326271653175354,0.0025638206861913204,0.6394878625869751,0.0020309421233832836,0.6048150658607483,0.002773505402728915,0.3539203703403473
BraTS-MET-01284-000,t2w,0.32177042961120605,0.0019830488599836826,0.6357328295707703,0.0005619910662062466,0.5954098701477051,0.0011394463945180178,0.3501652777194977
BraTS-MET-01284-000,t2f,0.3352810740470886,0.0019553215242922306,0.6628193855285645,0.0006247962592169642,0.6222760677337646,0.0007441561319865286,0.3837257921695709
BraTS-MET-01284-002,t1n,0.33868837356567383,0.0019278284162282944,0.794651210308075,0.00043938023736700416,0.6299245357513428,0.0005254729185253382,0.3072030544281006
BraTS-MET-01284-002,t1c,0.28731095790863037,0.0032754801213741302,0.6484406590461731,0.006212380714714527,0.5298342704772949,0.005208015441894531,0.3483131527900696
BraTS-MET-01284-002,t2w,0.3218005895614624,0.0019812253303825855,0.7490906119346619,0.0010576102649793029,0.5952544212341309,0.0010590384481474757,0.342825710773468
BraTS-MET-01284-002,t2f,0.31751376390457153,0.001830961904488504,0.72586590051651,0.00077583990059793,0.5835037231445312,0.0009933265391737223,0.3430841565132141
BraTS-MET-01287-001,t1n,0.28952115774154663,0.0019088562112301588,0.8881856799125671,0.00046968087553977966,0.5863074660301208,0.0006491352105513215,0.2884306311607361
BraTS-MET-01287-001,t1c,0.22128188610076904,0.003500691382214427,0.5224472880363464,0.01020161621272564,0.4434692859649658,0.006345206405967474,0.303072988986969
BraTS-MET-01287-001,t2w,0.2888283133506775,0.0020275101996958256,0.8889588713645935,0.0007156972424127162,0.584743320941925,0.001313710119575262,0.3363949954509735
BraTS-MET-01287-001,t2f,0.28400087356567383,0.0018420735141262412,0.8664827942848206,0.0014177245320752263,0.5726209878921509,0.000760831346269697,0.29802417755126953
BraTS-MET-01287-002,t1n,0.2895869016647339,0.002137321513146162,0.8688358664512634,0.0013278662227094173,0.5841740965843201,0.0008951166528277099,0.3350771963596344
BraTS-MET-01287-002,t1c,0.24029988050460815,0.003819800214841962,0.8011841177940369,0.0030788988806307316,0.47416746616363525,0.009091006591916084,0.3201982080936432
BraTS-MET-01287-002,t2w,0.2899129390716553,0.0020191040821373463,0.8641218543052673,0.0010626250877976418,0.580132007598877,0.0013739385176450014,0.33571574091911316
BraTS-MET-01287-002,t2f,0.280728816986084,0.0021820119582116604,0.8084008097648621,0.0009545851498842239,0.5638120174407959,0.0013201497495174408,0.3634704351425171
BraTS-MET-01301-000,t1n,0.18872416019439697,0.0021855805534869432,0.8256939053535461,0.00036580534651875496,0.43157339096069336,0.0020406502299010754,0.20759712159633636
BraTS-MET-01301-000,t1c,0.1393362283706665,0.0036766615230590105,0.41214776039123535,0.01831570267677307,0.30337023735046387,0.01314003486186266,0.20691724121570587
BraTS-MET-01301-000,t2w,0.20750635862350464,0.0021337000653147697,0.8179275393486023,0.001585085759870708,0.4682232141494751,0.004124378319829702,0.2678792178630829
BraTS-MET-01301-000,t2f,0.19147884845733643,0.0021400973200798035,0.7915192246437073,0.0014046223368495703,0.4383060336112976,0.0016093789599835873,0.23915468156337738
BraTS-MET-01301-001,t1n,0.18191343545913696,0.0023741379845887423,0.7979081273078918,0.0009777778759598732,0.4241557717323303,0.0034472381230443716,0.20315344631671906
BraTS-MET-01301-001,t1c,0.16970336437225342,0.002870448399335146,0.5021508932113647,0.025802385061979294,0.39223313331604004,0.007049623876810074,0.20650146901607513
BraTS-MET-01301-001,t2w,0.20122116804122925,0.0022365713957697153,0.7803880572319031,0.0022656891960650682,0.4664422273635864,0.00425560912117362,0.2564943730831146
BraTS-MET-01301-001,t2f,0.1905592679977417,0.0021286685951054096,0.7789384722709656,0.0005157218547537923,0.44700467586517334,0.0014776138123124838,0.23763327300548553
BraTS-MET-01301-002,t1n,0.18343675136566162,0.0022547030821442604,0.18343675136566162,0.0022547030821442604,0.4295637607574463,0.0018997631268575788,0.2206045687198639
BraTS-MET-01301-002,t1c,0.14370322227478027,0.0032914828043431044,0.14370322227478027,0.0032914828043431044,0.32051557302474976,0.010817673057317734,0.21449843049049377
BraTS-MET-01301-002,t2w,0.1913433074951172,0.002403177786618471,0.1913433074951172,0.002403177786618471,0.4460638761520386,0.00421410147100687,0.2408432960510254
BraTS-MET-01301-002,t2f,0.19071102142333984,0.0021045019384473562,0.19071102142333984,0.0021045019384473562,0.43793851137161255,0.003175977151840925,0.2550731301307678
BraTS-MET-01310-001,t1n,0.552324652671814,0.0015339597593992949,0.9628635048866272,0.0005194656550884247,0.5664529204368591,0.0006169108091853559,0.5886090397834778
BraTS-MET-01310-001,t1c,0.5664824843406677,0.0014423594111576676,0.9467548131942749,0.0021713392343372107,0.580907940864563,0.0008954559452831745,0.5643772482872009
BraTS-MET-01310-001,t2w,0.5786231756210327,0.0018141558393836021,0.9566426873207092,0.0017954707145690918,0.5932023525238037,0.0010274018859490752,0.64089435338974
BraTS-MET-01310-001,t2f,0.5462237596511841,0.0014010455925017595,0.9468215703964233,0.000769702484831214,0.5599600076675415,0.0006624360103160143,0.6212250590324402
BraTS-MET-01310-002,t1n,0.6003663539886475,0.0011321795172989368,0.9753899574279785,4.7298446588683873e-05,0.6116688847541809,0.0002714259608183056,0.5377640128135681
BraTS-MET-01310-002,t1c,0.4684613347053528,0.002270748605951667,0.8180346488952637,0.004067650530487299,0.47734206914901733,0.00239833677187562,0.5368623733520508
BraTS-MET-01310-002,t2w,0.5813217759132385,0.001465299865230918,0.9692577719688416,0.0006045725895091891,0.5923323631286621,0.0005926033481955528,0.6309172511100769
BraTS-MET-01310-002,t2f,0.5877012014389038,0.001323292381130159,0.9699009656906128,0.0004483473894651979,0.5988523960113525,0.0003655478940345347,0.6119052767753601
BraTS-MET-01314-002,t1n,0.5355594158172607,0.0012096224818378687,0.5355594158172607,0.0012096224818378687,0.5824145674705505,0.00036657031159847975,0.5038317441940308
BraTS-MET-01314-002,t1c,0.502790093421936,0.0017471897881478071,0.502790093421936,0.0017471897881478071,0.5471084117889404,0.00129812175873667,0.48089781403541565
BraTS-MET-01314-002,t2w,0.4825773239135742,0.0018962236354127526,0.4825773239135742,0.0018962236354127526,0.5257185697555542,0.001019089831970632,0.5194968581199646
BraTS-MET-01314-002,t2f,0.5306881070137024,0.0013434495776891708,0.5306881070137024,0.0013434495776891708,0.5774751901626587,0.0005299925687722862,0.5503770112991333
BraTS-MET-01314-003,t1n,0.5470409989356995,0.0011981762945652008,0.5470409989356995,0.0011981762945652008,0.5930489301681519,0.0003030399093404412,0.5133258700370789
BraTS-MET-01314-003,t1c,0.48020851612091064,0.0022884602658450603,0.48020851612091064,0.0022884602658450603,0.5207118391990662,0.002500743605196476,0.402738481760025
BraTS-MET-01314-003,t2w,0.48211848735809326,0.0018768130103126168,0.48211848735809326,0.0018768130103126168,0.523400068283081,0.0009644918609410524,0.5102047324180603
BraTS-MET-01314-003,t2f,0.5484580397605896,0.001192060997709632,0.5484580397605896,0.001192060997709632,0.5944307446479797,0.00039253634167835116,0.5663541555404663
BraTS-MET-01331-002,t1n,0.7576743960380554,0.0006336675141938031,0.7576743960380554,0.0006336675141938031,0.7576743960380554,0.0003960078756790608,0.5727285742759705
BraTS-MET-01331-002,t1c,0.7471631765365601,0.0009279631194658577,0.7471631765365601,0.0009279631194658577,0.7471631765365601,0.0006572495331056416,0.7062620520591736
BraTS-MET-01331-002,t2w,0.7333993911743164,0.001419668784365058,0.7333993911743164,0.001419668784365058,0.7333993911743164,0.0007060145726427436,0.7464354634284973
BraTS-MET-01331-002,t2f,0.7587096691131592,0.0005673356936313212,0.7587096691131592,0.0005673356936313212,0.7587096691131592,0.00026776184677146375,0.6615049242973328
BraTS-MET-01351-000,t1n,0.8060418367385864,0.0006570473778992891,0.9431506395339966,4.430684930412099e-05,0.8060418367385864,0.00022203472326509655,0.7378525137901306
BraTS-MET-01351-000,t1c,0.7832772731781006,0.0007140660309232771,0.8988629579544067,0.0007658757967874408,0.7832772731781006,0.0006057615973986685,0.7935839891433716
BraTS-MET-01351-000,t2w,0.7836880683898926,0.0010947056580334902,0.9306539297103882,0.0011335336603224277,0.7836880683898926,0.0007010478875599802,0.7483037114143372
BraTS-MET-01351-000,t2f,0.805160403251648,0.0005973027436994016,0.945478081703186,0.00010594461491564289,0.805160403251648,0.0001893075241241604,0.7400546073913574
BraTS-MET-01351-002,t1n,0.8010913133621216,0.0005443507106974721,0.8465805053710938,8.04699957370758e-05,0.8010913133621216,0.00020840406068600714,0.6703583002090454
BraTS-MET-01351-002,t1c,0.7580805420875549,0.0010493008885532618,0.8061386942863464,0.0008209784282371402,0.7580805420875549,0.0007403516792692244,0.6987335085868835
BraTS-MET-01351-002,t2w,0.7863125205039978,0.0009014430688694119,0.8341799974441528,0.0006051325472071767,0.7863125205039978,0.0006001870497129858,0.723461389541626
BraTS-MET-01351-002,t2f,0.7827464938163757,0.0006920472369529307,0.8264642357826233,0.000149467887240462,0.7827464938163757,0.0003225528635084629,0.7555236220359802
BraTS-MET-01351-003,t1n,0.7927854657173157,0.0005518650286830962,0.8663262724876404,0.00019246349984314293,0.7927854657173157,0.00024359127564821392,0.6455245018005371
BraTS-MET-01351-003,t1c,0.760468065738678,0.0010747372871264815,0.8361592888832092,0.0021371899638324976,0.760468065738678,0.0008653560071252286,0.6994035840034485
BraTS-MET-01351-003,t2w,0.7761216163635254,0.0009513924014754593,0.854968786239624,0.0005972342914901674,0.7761216163635254,0.0006261494127102196,0.7137622833251953
BraTS-MET-01351-003,t2f,0.7822214961051941,0.00065112195443362,0.8444621562957764,0.0006710728630423546,0.7822214961051941,0.00035516550997272134,0.7534081339836121
